CS3_Inflow,VIC_Inflow
FOLSM_INFLOW,8RI_FOL_I
FOLSOM_INFLOW,8RI_FOL_I
I_ALD002,I_ALD002
I_ALD004,I_ALD004
I_ALMNR,I_ALMNR
I_ALOHA,I_ALOHA
I_AMADR,I_AMADR
I_ANG017,I_ANG017
I_ANT011,I_ANT011
I_ANTLP,I_ANTLP
I_BANOS,I_BANOS
I_BCC014,I_BCC014
I_BCK040,I_BCK040
I_BCM003,
I_BCN010,I_BCN010
I_BEARD,I_BEARD
I_BLKBT,I_BLKBT
I_BOWMN,I_BOWMN
I_BRC003,I_BRC003
I_BRR023,I_BRR023
I_BSH003,I_BSH003
I_BTC048,I_BTC048
I_BTL006,I_BTL006
I_BTVLY,I_BTVLY
I_BUCKS,I_BUCKS
I_BUR005,I_BUR005
I_BVC007,I_BVC007
I_CAP000,I_CAP000
I_CAPLS,I_CAPLS
I_CCH053,I_CCH053
I_CFS001,I_CFS001
I_CHC000,I_CHC000
I_CHW031,I_CHW031
I_CHY006,
I_CLR011,I_CLR011
I_CLRLK,I_CLRLK
I_CLV026,I_CLV026
I_CMBIE,I_CMBIE
I_CMCHE,I_CMCHE
I_CMP001,I_CMP001
I_CMP014,I_CMP014
I_CMPFW,I_CMPFW
I_COL003,I_COL003
I_COT033,I_COT033
I_COW014,I_COW014
I_CSM035,I_CSM035
I_CVY009,
I_CWD018,I_CWD018
I_CYN009,I_CYN009
I_DAVIS,I_DAVIS
I_DBC024,I_DBC024
I_DCC010,I_DCC010
I_DCM027,I_DCM027
I_DCT050,I_DCT050
I_DED044,I_DED044
I_DEE023,I_DEE023
I_DER001,I_DER001
I_DER004,I_DER004
I_DHC021,I_DHC021
I_DONLL,I_DONLL
I_DPC008,I_DPC008
I_DRC012,I_DRC012
I_DSC035,I_DSC035
I_EBF001,I_EBF001
I_EBTML,I_WBF006
I_ECHOL,I_ECHOL
I_ELD027,I_ELD027
I_ELENR,I_ELENR
I_ENGLB,I_ENGLB
I_EPARK,I_EPARK
I_ESTMN,I_ESTMN
I_FOLSM,I_FOLSM
I_FRDYC,I_FRDYC
I_FRMAN,I_FRMAN
I_FRMDW,I_FRMDW
I_FRNCH,I_FRNCH
I_FRS046,I_FRS046
I_FSL012,
I_GERLE,I_GERLE
I_GRZ012,I_GRZ012
I_GZL009,I_GZL009
I_HHOLE,I_HHOLE
I_HNSLY,I_HNSLY
I_HON021,I_HON021
I_HTCHY,I_HTCHY
I_ICEHS,I_ICEHS
I_INDVL,I_INDVL
I_ING008,I_ING008
I_JBP006,I_ANTLP
I_JKSMD,I_JKSMD
I_JNKSN,I_JNKSN
I_JWB001,
I_LCBRF,I_LCBRF
I_LCC038,I_LCC038
I_LDC029,I_LDC029
I_LGRSV,I_LGRSV
I_LJC022,I_LJC022
I_LKVLY,I_LKVLY
I_LLOYD,I_LLOYD
I_LNG012,I_LNG012
I_LOONL,I_LOONL
I_LOSVQ,I_LOSVQ
I_LPC007,I_LPC007
I_LRB004,I_LRB004
I_LWSTN,I_LWSTN
I_LYONS,I_LYONS
I_MCD055,I_MCD055
I_MCLRE,I_MCLRE
I_MELON_FCST,8RI_N_MEL
I_MERLC,I_MERLC
I_MFA001,I_MFA001
I_MFA023,I_MFA023
I_MFA025,I_MFA025
I_MFA036,I_MFA036
I_MFF019,I_MFF019
I_MFF087,I_MFF087
I_MFM008,I_MFM008
I_MFS013,I_MFS013
I_MFS022,I_MFS022
I_MFS047,I_MFS047
I_MFT000,
I_MFY013,I_MFY013
I_MIL003,I_MIL003
I_MLC006,I_MLC006
I_MLRTN,I_MLRTN
I_MLRTN_IMP,I_MLRTN
I_MNS000,I_MNS000
I_MOC003,
I_MOK079,I_MOK079
I_MPS038,I_MPS038
I_MSH015,I_MSH015
I_MTMDW,I_MTMDW
I_NBLDB,I_NBLDB
I_NFA016,I_NFA016
I_NFA022,I_NFA022
I_NFA054,I_NFA054
I_NFF029,I_NFF029
I_NFF046,
I_NFF058,
I_NFM010,I_NFM010
I_NFS005,I_NFS005
I_NFS009,I_NFS009
I_NFS033,I_NFS033
I_NFT008,
I_NFY029,I_NFY029
I_NHGAN,I_NHGAN
I_NLC003,I_NLC003
I_NMA003,I_NMA003
I_NNA013,I_NNA013
I_OGN005,I_OGN005
I_ORG000,I_ORG000
I_OROVL,I_OROVL
I_ORT014,I_ORT014
I_OWN040,I_OWN040
I_PARDE,I_PARDE
I_PCRST,I_PCRST
I_PEDRO,I_PEDRO
I_PLC007,I_PLC007
I_PLM001,I_PLM001
I_PTH070,I_PTH070
I_PYN001,I_PYN001
I_PYR001,I_PYR001
I_QNT005,I_QNT005
I_RCK001,I_RCK001
I_RLIEF,I_RLIEF
I_RLLNS,I_RLLNS
I_RUB002,I_RUB002
I_RUB047,I_RUB047
I_RVPHB,I_RVPHB
I_SCOTF,I_SCOTF
I_SCW008,I_SCW008
I_SFA030,I_SFA030
I_SFA040,I_SFA040
I_SFA066,I_SFA066
I_SFA076,I_SFA076
I_SFD003,I_SFD003
I_SFF008,I_SFF008
I_SFF011,I_SFF011
I_SFM005,I_SFM005
I_SFR006,I_SFR006
I_SFS030,I_SFS030
I_SFS033,I_SFS033
I_SFT003,
I_SFY007,I_SFY007
I_SFY048,I_SFY048
I_SGRGE,I_SGRGE
I_SHSTA,I_SHSTA
I_SILVR,I_SILVR
I_SJR258,I_SJR258
I_SJR265,I_SJR265
I_SLC003,I_SLC003
I_SLF009,I_SLF009
I_SLO007,I_SLO007
I_SLT009,I_SLT009
I_SLTSP,I_SLTSP
I_SLUIS,I_SLUIS
I_SLV006,I_SLV006
I_SLV015,I_SLV015
I_SLYCK,I_SLYCK
I_SPICE,I_SPICE
I_SPLDG,I_SPLDG
I_STMPY,I_STMPY
I_STS059,I_STS059
I_STS072,I_STS072
I_TGC003,I_TGC003
I_THM028,I_THM028
I_TRNTY,I_TRNTY
I_TULOC,I_TULOC
I_TUO054,I_TUO054
I_TUO105,
I_UBEAR,I_UBEAR
I_UNVLY,I_UNVLY
I_WBF006,I_WBF006
I_WBF015,I_WBF015
I_WBF030,I_WBF030
I_WBR001,I_WBR001
I_WKYTN,I_WKYTN
I_WLF013,I_WLF013
I422,I_MSH015
UNIMP_FOLS,8RI_FOL_I
UNIMP_FOLS_UHH,8RI_FOL_I
UNIMP_ME,I_MCLRE
UNIMP_ME_UHH,I_MCLRE
UNIMP_OROV,8RI_OROVI
UNIMP_OROV_UHH,8RI_OROVI
UNIMP_SHAS,I_SHSTA
UNIMP_SHAS_UHH,I_SHSTA
UNIMP_SJ,I_MLRTN
UNIMP_SJ_UHH,I_MLRTN
UNIMP_SRBB,SRBB
UNIMP_SRBB_UHH,SRBB
UNIMP_ST,8RI_N_MEL
UNIMP_ST_UHH,8RI_N_MEL
UNIMP_TRIN,I_TRNTY
UNIMP_TRIN_UHH,I_TRNTY
UNIMP_TU,8RI_DPR_I
UNIMP_TU_UHH,8RI_DPR_I
UNIMP_WH,I_WKYTN
UNIMP_WH_UHH,I_WKYTN
UNIMP_YUBA,8RI_SMART
UNIMP_YUBA_UHH,8RI_SMART
