Date,value
10/31/1921,70
11/30/1921,29
12/31/1921,13
1/31/1922,11
2/28/1922,23
3/31/1922,41
4/30/1922,74
5/31/1922,126
6/30/1922,175
7/31/1922,204
8/31/1922,163
9/30/1922,121
10/31/1922,61
11/30/1922,24
12/31/1922,12
1/31/1923,13
2/28/1923,30
3/31/1923,58
4/30/1923,65
5/31/1923,123
6/30/1923,147
7/31/1923,197
8/31/1923,162
9/30/1923,115
10/31/1923,64
11/30/1923,32
12/31/1923,15
1/31/1924,15
2/29/1924,31
3/31/1924,45
4/30/1924,79
5/31/1924,124
6/30/1924,141
7/31/1924,135
8/31/1924,107
9/30/1924,72
10/31/1924,34
11/30/1924,16
12/31/1924,7
1/31/1925,9
2/28/1925,19
3/31/1925,37
4/30/1925,52
5/31/1925,90
6/30/1925,153
7/31/1925,176
8/31/1925,145
9/30/1925,96
10/31/1925,54
11/30/1925,23
12/31/1925,13
1/31/1926,11
2/28/1926,25
3/31/1926,55
4/30/1926,72
5/31/1926,121
6/30/1926,176
7/31/1926,163
8/31/1926,130
9/30/1926,88
10/31/1926,51
11/30/1926,22
12/31/1926,10
1/31/1927,11
2/28/1927,21
3/31/1927,40
4/30/1927,72
5/31/1927,115
6/30/1927,160
7/31/1927,201
8/31/1927,163
9/30/1927,110
10/31/1927,70
11/30/1927,23
12/31/1927,14
1/31/1928,14
2/29/1928,30
3/31/1928,49
4/30/1928,76
5/31/1928,132
6/30/1928,172
7/31/1928,179
8/31/1928,148
9/30/1928,102
10/31/1928,56
11/30/1928,22
12/31/1928,11
1/31/1929,9
2/28/1929,22
3/31/1929,38
4/30/1929,56
5/31/1929,110
6/30/1929,133
7/31/1929,163
8/31/1929,138
9/30/1929,92
10/31/1929,58
11/30/1929,27
12/31/1929,13
1/31/1930,8
2/28/1930,24
3/31/1930,41
4/30/1930,66
5/31/1930,91
6/30/1930,159
7/31/1930,166
8/31/1930,136
9/30/1930,89
10/31/1930,54
11/30/1930,24
12/31/1930,14
1/31/1931,12
2/28/1931,22
3/31/1931,44
4/30/1931,76
5/31/1931,108
6/30/1931,114
7/31/1931,134
8/31/1931,112
9/30/1931,70
10/31/1931,41
11/30/1931,15
12/31/1931,6
1/31/1932,7
2/29/1932,18
3/31/1932,40
4/30/1932,59
5/31/1932,92
6/30/1932,142
7/31/1932,159
8/31/1932,136
9/30/1932,98
10/31/1932,54
11/30/1932,26
12/31/1932,9
1/31/1933,7
2/28/1933,21
3/31/1933,37
4/30/1933,62
5/31/1933,76
6/30/1933,127
7/31/1933,157
8/31/1933,130
9/30/1933,88
10/31/1933,59
11/30/1933,24
12/31/1933,9
1/31/1934,10
2/28/1934,21
3/31/1934,51
4/30/1934,80
5/31/1934,104
6/30/1934,118
7/31/1934,141
8/31/1934,119
9/30/1934,82
10/31/1934,44
11/30/1934,16
12/31/1934,10
1/31/1935,9
2/28/1935,20
3/31/1935,30
4/30/1935,57
5/31/1935,113
6/30/1935,184
7/31/1935,188
8/31/1935,161
9/30/1935,109
10/31/1935,56
11/30/1935,24
12/31/1935,15
1/31/1936,12
2/29/1936,24
3/31/1936,54
4/30/1936,80
5/31/1936,135
6/30/1936,176
7/31/1936,204
8/31/1936,174
9/30/1936,120
10/31/1936,65
11/30/1936,30
12/31/1936,13
1/31/1937,8
2/28/1937,24
3/31/1937,44
4/30/1937,71
5/31/1937,134
6/30/1937,168
7/31/1937,202
8/31/1937,170
9/30/1937,113
10/31/1937,67
11/30/1937,24
12/31/1937,15
1/31/1938,13
2/28/1938,26
3/31/1938,36
4/30/1938,70
5/31/1938,124
6/30/1938,180
7/31/1938,204
8/31/1938,170
9/30/1938,119
10/31/1938,62
11/30/1938,28
12/31/1938,16
1/31/1939,15
2/28/1939,26
3/31/1939,46
4/30/1939,95
5/31/1939,126
6/30/1939,168
7/31/1939,169
8/31/1939,141
9/30/1939,93
10/31/1939,55
11/30/1939,28
12/31/1939,14
1/31/1940,10
2/29/1940,23
3/31/1940,50
4/30/1940,78
5/31/1940,141
6/30/1940,208
7/31/1940,202
8/31/1940,171
9/30/1940,110
10/31/1940,66
11/30/1940,26
12/31/1940,18
1/31/1941,14
2/28/1941,26
3/31/1941,50
4/30/1941,67
5/31/1941,119
6/30/1941,167
7/31/1941,204
8/31/1941,159
9/30/1941,115
10/31/1941,61
11/30/1941,29
12/31/1941,13
1/31/1942,14
2/28/1942,27
3/31/1942,54
4/30/1942,70
5/31/1942,110
6/30/1942,183
7/31/1942,205
8/31/1942,171
9/30/1942,115
10/31/1942,70
11/30/1942,27
12/31/1942,14
1/31/1943,15
2/28/1943,32
3/31/1943,46
4/30/1943,76
5/31/1943,139
6/30/1943,167
7/31/1943,203
8/31/1943,167
9/30/1943,122
10/31/1943,66
11/30/1943,30
12/31/1943,15
1/31/1944,14
2/29/1944,25
3/31/1944,53
4/30/1944,67
5/31/1944,121
6/30/1944,145
7/31/1944,189
8/31/1944,160
9/30/1944,112
10/31/1944,66
11/30/1944,20
12/31/1944,14
1/31/1945,12
2/28/1945,27
3/31/1945,38
4/30/1945,85
5/31/1945,108
6/30/1945,178
7/31/1945,206
8/31/1945,170
9/30/1945,120
10/31/1945,64
11/30/1945,24
12/31/1945,12
1/31/1946,15
2/28/1946,27
3/31/1946,48
4/30/1946,89
5/31/1946,124
6/30/1946,170
7/31/1946,194
8/31/1946,164
9/30/1946,112
10/31/1946,58
11/30/1946,22
12/31/1946,11
1/31/1947,12
2/28/1947,27
3/31/1947,49
4/30/1947,90
5/31/1947,140
6/30/1947,162
7/31/1947,175
8/31/1947,140
9/30/1947,103
10/31/1947,51
11/30/1947,20
12/31/1947,12
1/31/1948,15
2/29/1948,23
3/31/1948,34
4/30/1948,52
5/31/1948,91
6/30/1948,142
7/31/1948,166
8/31/1948,136
9/30/1948,94
10/31/1948,53
11/30/1948,22
12/31/1948,7
1/31/1949,9
2/28/1949,18
3/31/1949,29
4/30/1949,75
5/31/1949,98
6/30/1949,159
7/31/1949,162
8/31/1949,130
9/30/1949,94
10/31/1949,56
11/30/1949,25
12/31/1949,11
1/31/1950,9
2/28/1950,24
3/31/1950,39
4/30/1950,78
5/31/1950,120
6/30/1950,160
7/31/1950,178
8/31/1950,149
9/30/1950,96
10/31/1950,58
11/30/1950,24
12/31/1950,11
1/31/1951,12
2/28/1951,27
3/31/1951,51
4/30/1951,82
5/31/1951,124
6/30/1951,173
7/31/1951,186
8/31/1951,154
9/30/1951,107
10/31/1951,59
11/30/1951,23
12/31/1951,10
1/31/1952,11
2/29/1952,26
3/31/1952,37
4/30/1952,77
5/31/1952,138
6/30/1952,154
7/31/1952,204
8/31/1952,173
9/30/1952,118
10/31/1952,75
11/30/1952,26
12/31/1952,10
1/31/1953,14
2/28/1953,31
3/31/1953,50
4/30/1953,78
5/31/1953,98
6/30/1953,146
7/31/1953,199
8/31/1953,159
9/30/1953,116
10/31/1953,68
11/30/1953,24
12/31/1953,15
1/31/1954,13
2/28/1954,26
3/31/1954,40
4/30/1954,88
5/31/1954,137
6/30/1954,159
7/31/1954,189
8/31/1954,149
9/30/1954,105
10/31/1954,63
11/30/1954,21
12/31/1954,9
1/31/1955,9
2/28/1955,25
3/31/1955,47
4/30/1955,60
5/31/1955,104
6/30/1955,144
7/31/1955,164
8/31/1955,141
9/30/1955,93
10/31/1955,55
11/30/1955,19
12/31/1955,9
1/31/1956,12
2/29/1956,27
3/31/1956,54
4/30/1956,73
5/31/1956,120
6/30/1956,185
7/31/1956,203
8/31/1956,166
9/30/1956,118
10/31/1956,60
11/30/1956,31
12/31/1956,17
1/31/1957,12
2/28/1957,24
3/31/1957,44
4/30/1957,78
5/31/1957,104
6/30/1957,187
7/31/1957,195
8/31/1957,161
9/30/1957,111
10/31/1957,52
11/30/1957,24
12/31/1957,13
1/31/1958,14
2/28/1958,27
3/31/1958,37
4/30/1958,75
5/31/1958,137
6/30/1958,164
7/31/1958,202
8/31/1958,174
9/30/1958,118
10/31/1958,77
11/30/1958,30
12/31/1958,22
1/31/1959,14
2/28/1959,26
3/31/1959,58
4/30/1959,97
5/31/1959,117
6/30/1959,175
7/31/1959,175
8/31/1959,141
9/30/1959,93
10/31/1959,62
11/30/1959,29
12/31/1959,16
1/31/1960,11
2/29/1960,22
3/31/1960,44
4/30/1960,70
5/31/1960,108
6/30/1960,178
7/31/1960,166
8/31/1960,138
9/30/1960,94
10/31/1960,54
11/30/1960,18
12/31/1960,10
1/31/1961,9
2/28/1961,22
3/31/1961,33
4/30/1961,61
5/31/1961,76
6/30/1961,130
7/31/1961,129
8/31/1961,104
9/30/1961,71
10/31/1961,43
11/30/1961,16
12/31/1961,6
1/31/1962,7
2/28/1962,14
3/31/1962,27
4/30/1962,66
5/31/1962,74
6/30/1962,118
7/31/1962,131
8/31/1962,110
9/30/1962,76
10/31/1962,39
11/30/1962,19
12/31/1962,10
1/31/1963,9
2/28/1963,21
3/31/1963,35
4/30/1963,44
5/31/1963,93
6/30/1963,143
7/31/1963,186
8/31/1963,157
9/30/1963,109
10/31/1963,58
11/30/1963,19
12/31/1963,6
1/31/1964,11
2/29/1964,29
3/31/1964,44
4/30/1964,74
5/31/1964,100
6/30/1964,136
7/31/1964,163
8/31/1964,132
9/30/1964,89
10/31/1964,57
11/30/1964,16
12/31/1964,9
1/31/1965,11
2/28/1965,30
3/31/1965,47
4/30/1965,58
5/31/1965,125
6/30/1965,153
7/31/1965,203
8/31/1965,165
9/30/1965,114
10/31/1965,78
11/30/1965,25
12/31/1965,11
1/31/1966,15
2/28/1966,27
3/31/1966,53
4/30/1966,100
5/31/1966,138
6/30/1966,167
7/31/1966,174
8/31/1966,148
9/30/1966,97
10/31/1966,60
11/30/1966,22
12/31/1966,8
1/31/1967,12
2/28/1967,25
3/31/1967,42
4/30/1967,41
5/31/1967,124
6/30/1967,159
7/31/1967,206
8/31/1967,180
9/30/1967,118
10/31/1967,73
11/30/1967,27
12/31/1967,13
1/31/1968,13
2/29/1968,28
3/31/1968,51
4/30/1968,87
5/31/1968,116
6/30/1968,166
7/31/1968,166
8/31/1968,128
9/30/1968,92
10/31/1968,50
11/30/1968,17
12/31/1968,9
1/31/1969,9
2/28/1969,23
3/31/1969,47
4/30/1969,74
5/31/1969,138
6/30/1969,157
7/31/1969,204
8/31/1969,178
9/30/1969,119
10/31/1969,58
11/30/1969,29
12/31/1969,16
1/31/1970,14
2/28/1970,31
3/31/1970,52
4/30/1970,74
5/31/1970,134
6/30/1970,161
7/31/1970,189
8/31/1970,158
9/30/1970,109
10/31/1970,57
11/30/1970,23
12/31/1970,9
1/31/1971,12
2/28/1971,27
3/31/1971,47
4/30/1971,73
5/31/1971,99
6/30/1971,165
7/31/1971,197
8/31/1971,167
9/30/1971,114
10/31/1971,63
11/30/1971,26
12/31/1971,10
1/31/1972,10
2/29/1972,29
3/31/1972,62
4/30/1972,78
5/31/1972,131
6/30/1972,168
7/31/1972,175
8/31/1972,142
9/30/1972,94
10/31/1972,48
11/30/1972,15
12/31/1972,8
1/31/1973,10
2/28/1973,24
3/31/1973,35
4/30/1973,82
5/31/1973,138
6/30/1973,185
7/31/1973,198
8/31/1973,162
9/30/1973,108
10/31/1973,60
11/30/1973,20
12/31/1973,11
1/31/1974,13
2/28/1974,29
3/31/1974,42
4/30/1974,70
5/31/1974,131
6/30/1974,182
7/31/1974,201
8/31/1974,168
9/30/1974,120
10/31/1974,66
11/30/1974,24
12/31/1974,11
1/31/1975,12
2/28/1975,25
3/31/1975,38
4/30/1975,58
5/31/1975,128
6/30/1975,178
7/31/1975,201
8/31/1975,164
9/30/1975,119
10/31/1975,62
11/30/1975,25
12/31/1975,16
1/31/1976,16
2/29/1976,28
3/31/1976,46
4/30/1976,65
5/31/1976,124
6/30/1976,145
7/31/1976,152
8/31/1976,109
9/30/1976,82
10/31/1976,51
11/30/1976,20
12/31/1976,14
1/31/1977,7
2/28/1977,22
3/31/1977,30
4/30/1977,59
5/31/1977,52
6/30/1977,93
7/31/1977,94
8/31/1977,71
9/30/1977,45
10/31/1977,27
11/30/1977,10
12/31/1977,5
1/31/1978,6
2/28/1978,13
3/31/1978,28
4/30/1978,40
5/31/1978,100
6/30/1978,146
7/31/1978,186
8/31/1978,162
9/30/1978,110
10/31/1978,79
11/30/1978,24
12/31/1978,11
1/31/1979,13
2/28/1979,27
3/31/1979,45
4/30/1979,74
5/31/1979,127
6/30/1979,180
7/31/1979,182
8/31/1979,143
9/30/1979,105
10/31/1979,55
11/30/1979,22
12/31/1979,15
1/31/1980,12
2/29/1980,29
3/31/1980,46
4/30/1980,79
5/31/1980,110
6/30/1980,158
7/31/1980,200
8/31/1980,168
9/30/1980,116
10/31/1980,75
11/30/1980,31
12/31/1980,16
1/31/1981,14
2/28/1981,29
3/31/1981,41
4/30/1981,79
5/31/1981,120
6/30/1981,181
7/31/1981,170
8/31/1981,138
9/30/1981,94
10/31/1981,48
11/30/1981,21
12/31/1981,11
1/31/1982,11
2/28/1982,29
3/31/1982,37
4/30/1982,66
5/31/1982,132
6/30/1982,156
7/31/1982,200
8/31/1982,169
9/30/1982,112
10/31/1982,62
11/30/1982,21
12/31/1982,14
1/31/1983,11
2/28/1983,27
3/31/1983,32
4/30/1983,49
5/31/1983,93
6/30/1983,145
7/31/1983,194
8/31/1983,166
9/30/1983,120
10/31/1983,69
11/30/1983,22
12/31/1983,11
1/31/1984,13
2/29/1984,29
3/31/1984,56
4/30/1984,73
5/31/1984,140
6/30/1984,179
7/31/1984,206
8/31/1984,171
9/30/1984,121
10/31/1984,53
11/30/1984,22
12/31/1984,11
1/31/1985,11
2/28/1985,31
3/31/1985,42
4/30/1985,91
5/31/1985,124
6/30/1985,177
7/31/1985,179
8/31/1985,145
9/30/1985,93
10/31/1985,56
11/30/1985,19
12/31/1985,7
1/31/1986,14
2/28/1986,27
3/31/1986,53
4/30/1986,75
5/31/1986,127
6/30/1986,187
7/31/1986,201
8/31/1986,174
9/30/1986,108
10/31/1986,68
11/30/1986,32
12/31/1986,13
1/31/1987,13
2/28/1987,28
3/31/1987,44
4/30/1987,92
5/31/1987,113
6/30/1987,143
7/31/1987,138
8/31/1987,113
9/30/1987,76
10/31/1987,48
11/30/1987,15
12/31/1987,8
1/31/1988,9
2/29/1988,22
3/31/1988,37
4/30/1988,47
5/31/1988,68
6/30/1988,96
7/31/1988,110
8/31/1988,87
9/30/1988,61
10/31/1988,38
11/30/1988,12
12/31/1988,6
1/31/1989,7
2/28/1989,13
3/31/1989,24
4/30/1989,52
5/31/1989,70
6/30/1989,105
7/31/1989,119
8/31/1989,94
9/30/1989,64
10/31/1989,36
11/30/1989,17
12/31/1989,7
1/31/1990,9
2/28/1990,15
3/31/1990,31
4/30/1990,55
5/31/1990,76
6/30/1990,109
7/31/1990,120
8/31/1990,96
9/30/1990,66
10/31/1990,44
11/30/1990,17
12/31/1990,7
1/31/1991,8
2/28/1991,17
3/31/1991,16
4/30/1991,38
5/31/1991,59
6/30/1991,92
7/31/1991,112
8/31/1991,91
9/30/1991,67
10/31/1991,42
11/30/1991,15
12/31/1991,8
1/31/1992,5
2/29/1992,15
3/31/1992,26
4/30/1992,52
5/31/1992,83
6/30/1992,85
7/31/1992,97
8/31/1992,81
9/30/1992,54
10/31/1992,29
11/30/1992,12
12/31/1992,5
1/31/1993,6
2/28/1993,15
3/31/1993,30
4/30/1993,53
5/31/1993,92
6/30/1993,128
7/31/1993,173
8/31/1993,148
9/30/1993,107
10/31/1993,60
11/30/1993,25
12/31/1993,11
1/31/1994,13
2/28/1994,23
3/31/1994,47
4/30/1994,71
5/31/1994,99
6/30/1994,157
7/31/1994,165
8/31/1994,137
9/30/1994,91
10/31/1994,48
11/30/1994,15
12/31/1994,8
1/31/1995,9
2/28/1995,25
3/31/1995,36
4/30/1995,64
5/31/1995,92
6/30/1995,141
7/31/1995,197
8/31/1995,167
9/30/1995,117
10/31/1995,73
11/30/1995,31
12/31/1995,14
1/31/1996,12
2/29/1996,26
3/31/1996,49
4/30/1996,79
5/31/1996,124
6/30/1996,179
7/31/1996,203
8/31/1996,171
9/30/1996,113
10/31/1996,62
11/30/1996,23
12/31/1996,12
1/31/1997,11
2/28/1997,27
3/31/1997,59
4/30/1997,83
5/31/1997,145
6/30/1997,166
7/31/1997,199
8/31/1997,161
9/30/1997,115
10/31/1997,62
11/30/1997,24
12/31/1997,11
1/31/1998,12
2/28/1998,22
3/31/1998,41
4/30/1998,56
5/31/1998,75
6/30/1998,127
7/31/1998,198
8/31/1998,171
9/30/1998,113
10/31/1998,60
11/30/1998,22
12/31/1998,13
1/31/1999,12
2/28/1999,26
3/31/1999,40
4/30/1999,64
5/31/1999,116
6/30/1999,162
7/31/1999,198
8/31/1999,155
9/30/1999,114
10/31/1999,70
11/30/1999,26
12/31/1999,15
1/31/2000,12
2/29/2000,25
3/31/2000,45
4/30/2000,80
5/31/2000,116
6/30/2000,180
7/31/2000,196
8/31/2000,159
9/30/2000,108
10/31/2000,54
11/30/2000,20
12/31/2000,16
1/31/2001,13
2/28/2001,23
3/31/2001,48
4/30/2001,65
5/31/2001,147
6/30/2001,165
7/31/2001,166
8/31/2001,134
9/30/2001,92
10/31/2001,56
11/30/2001,19
12/31/2001,8
1/31/2002,9
2/28/2002,24
3/31/2002,38
4/30/2002,66
5/31/2002,107
6/30/2002,153
7/31/2002,163
8/31/2002,129
9/30/2002,91
10/31/2002,49
11/30/2002,20
12/31/2002,10
1/31/2003,12
2/28/2003,22
3/31/2003,41
4/30/2003,46
5/31/2003,100
6/30/2003,159
7/31/2003,177
8/31/2003,139
9/30/2003,102
10/31/2003,66
11/30/2003,19
12/31/2003,11
1/31/2004,10
2/29/2004,22
3/31/2004,54
4/30/2004,82
5/31/2004,117
6/30/2004,154
7/31/2004,165
8/31/2004,131
9/30/2004,91
10/31/2004,44
11/30/2004,17
12/31/2004,11
1/31/2005,8
2/28/2005,26
3/31/2005,45
4/30/2005,70
5/31/2005,110
6/30/2005,154
7/31/2005,203
8/31/2005,171
9/30/2005,113
10/31/2005,66
11/30/2005,29
12/31/2005,14
1/31/2006,14
2/28/2006,30
3/31/2006,33
4/30/2006,54
5/31/2006,121
6/30/2006,184
7/31/2006,203
8/31/2006,165
9/30/2006,117
10/31/2006,62
11/30/2006,24
12/31/2006,14
1/31/2007,14
2/28/2007,26
3/31/2007,55
4/30/2007,75
5/31/2007,118
6/30/2007,139
7/31/2007,145
8/31/2007,114
9/30/2007,74
10/31/2007,39
11/30/2007,19
12/31/2007,7
1/31/2008,7
2/29/2008,18
3/31/2008,34
4/30/2008,57
5/31/2008,81
6/30/2008,120
7/31/2008,132
8/31/2008,107
9/30/2008,76
10/31/2008,43
11/30/2008,17
12/31/2008,7
1/31/2009,9
2/28/2009,17
3/31/2009,32
4/30/2009,61
5/31/2009,112
6/30/2009,135
7/31/2009,174
8/31/2009,142
9/30/2009,103
10/31/2009,48
11/30/2009,24
12/31/2009,10
1/31/2010,10
2/28/2010,22
3/31/2010,42
4/30/2010,55
5/31/2010,94
6/30/2010,163
7/31/2010,201
8/31/2010,162
9/30/2010,116
10/31/2010,59
11/30/2010,23
12/31/2010,12
1/31/2011,11
2/28/2011,26
3/31/2011,35
4/30/2011,68
5/31/2011,98
6/30/2011,138
7/31/2011,198
8/31/2011,166
9/30/2011,118
10/31/2011,61
11/30/2011,24
12/31/2011,16
1/31/2012,17
2/29/2012,27
3/31/2012,37
4/30/2012,66
5/31/2012,120
6/30/2012,145
7/31/2012,157
8/31/2012,131
9/30/2012,88
10/31/2012,46
11/30/2012,18
12/31/2012,7
1/31/2013,10
2/28/2013,22
3/31/2013,44
4/30/2013,70
5/31/2013,99
6/30/2013,134
7/31/2013,150
8/31/2013,120
9/30/2013,83
10/31/2013,47
11/30/2013,21
12/31/2013,12
1/31/2014,14
2/28/2014,20
3/31/2014,36
4/30/2014,59
5/31/2014,97
6/30/2014,126
7/31/2014,130
8/31/2014,101
9/30/2014,71
10/31/2014,46
11/30/2014,16
12/31/2014,8
1/31/2015,9
2/28/2015,19
3/31/2015,38
4/30/2015,50
5/31/2015,65
6/30/2015,95
7/31/2015,94
8/31/2015,72
9/30/2015,48
10/31/2015,27
11/30/2015,9
12/31/2015,5
1/31/2016,5
2/29/2016,16
3/31/2016,26
4/30/2016,48
5/31/2016,74
6/30/2016,117
7/31/2016,124
8/31/2016,101
9/30/2016,69
10/31/2016,36
11/30/2016,17
12/31/2016,9
1/31/2017,9
2/28/2017,24
3/31/2017,48
4/30/2017,65
5/31/2017,128
6/30/2017,183
7/31/2017,204
8/31/2017,167
9/30/2017,115
10/31/2017,69
11/30/2017,25
12/31/2017,18
1/31/2018,15
2/28/2018,30
3/31/2018,42
4/30/2018,75
5/31/2018,116
6/30/2018,165
7/31/2018,179
8/31/2018,142
9/30/2018,101
10/31/2018,56
11/30/2018,25
12/31/2018,11
1/31/2019,12
2/28/2019,21
3/31/2019,39
4/30/2019,80
5/31/2019,96
6/30/2019,175
7/31/2019,201
8/31/2019,166
9/30/2019,113
10/31/2019,65
11/30/2019,29
12/31/2019,12
1/31/2020,13
2/29/2020,31
3/31/2020,40
4/30/2020,71
5/31/2020,126
6/30/2020,158
7/31/2020,175
8/31/2020,142
9/30/2020,97
10/31/2020,60
11/30/2020,22
12/31/2020,12
1/31/2021,11
2/28/2021,22
3/31/2021,35
4/30/2021,72
5/31/2021,110
6/30/2021,146
7/31/2021,146
8/31/2021,116
9/30/2021,84
