WBA,Lat,Long,gridID
3,40.59375,-122.21875,40.59375_-122.21875
3,40.59375,-122.21875,40.59375_-122.21875
3,40.59375,-122.21875,40.59375_-122.21875
3,40.59375,-122.21875,40.59375_-122.21875
3,40.65625,-122.21875,40.65625_-122.21875
3,40.53125,-122.21875,40.53125_-122.21875
3,40.59375,-122.15625,40.59375_-122.15625
3,40.59375,-122.28125,40.59375_-122.28125
4,40.59375,-122.21875,40.59375_-122.21875
4,40.65625,-122.21875,40.65625_-122.21875
4,40.59375,-122.21875,40.59375_-122.21875
4,40.65625,-122.21875,40.65625_-122.21875
4,40.59375,-122.21875,40.59375_-122.21875
4,40.65625,-122.21875,40.65625_-122.21875
4,40.59375,-122.21875,40.59375_-122.21875
4,40.65625,-122.21875,40.65625_-122.21875
4,40.53125,-122.21875,40.53125_-122.21875
4,40.59375,-122.28125,40.59375_-122.28125
4,40.59375,-122.15625,40.59375_-122.15625
6,40.59375,-122.21875,40.59375_-122.21875
6,40.59375,-122.21875,40.59375_-122.21875
6,40.59375,-122.21875,40.59375_-122.21875
6,40.59375,-122.21875,40.59375_-122.21875
6,40.65625,-122.21875,40.65625_-122.21875
6,40.53125,-122.21875,40.53125_-122.21875
6,40.59375,-122.15625,40.59375_-122.15625
6,40.59375,-122.28125,40.59375_-122.28125
10,40.53125,-122.09375,40.53125_-122.09375
10,40.53125,-122.15625,40.53125_-122.15625
10,40.53125,-122.09375,40.53125_-122.09375
10,40.53125,-122.15625,40.53125_-122.15625
10,40.53125,-122.09375,40.53125_-122.09375
10,40.53125,-122.15625,40.53125_-122.15625
10,40.53125,-122.15625,40.53125_-122.15625
10,40.53125,-122.09375,40.53125_-122.09375
10,40.59375,-122.15625,40.59375_-122.15625
10,40.46875,-122.15625,40.46875_-122.15625
10,40.53125,-122.21875,40.53125_-122.21875
11,40.46875,-122.53125,40.46875_-122.53125
11,40.46875,-122.53125,40.46875_-122.53125
11,40.46875,-122.53125,40.46875_-122.53125
11,40.46875,-122.53125,40.46875_-122.53125
11,40.53125,-122.53125,40.53125_-122.53125
11,40.40625,-122.53125,40.40625_-122.53125
11,40.46875,-122.46875,40.46875_-122.46875
11,40.46875,-122.59375,40.46875_-122.59375
17,40.40625,-122.46875,40.40625_-122.46875
17,40.40625,-122.53125,40.40625_-122.53125
17,40.46875,-122.53125,40.46875_-122.53125
17,40.40625,-122.46875,40.40625_-122.46875
17,40.40625,-122.53125,40.40625_-122.53125
17,40.46875,-122.53125,40.46875_-122.53125
17,40.40625,-122.46875,40.40625_-122.46875
17,40.40625,-122.53125,40.40625_-122.53125
17,40.46875,-122.53125,40.46875_-122.53125
17,40.40625,-122.53125,40.40625_-122.53125
17,40.40625,-122.46875,40.40625_-122.46875
17,40.46875,-122.53125,40.46875_-122.53125
17,40.40625,-122.59375,40.40625_-122.59375
17,40.34375,-122.53125,40.34375_-122.53125
22,40.34375,-122.53125,40.34375_-122.53125
22,40.34375,-122.59375,40.34375_-122.59375
22,40.40625,-122.53125,40.40625_-122.53125
22,40.40625,-122.59375,40.40625_-122.59375
22,40.34375,-122.53125,40.34375_-122.53125
22,40.34375,-122.59375,40.34375_-122.59375
22,40.40625,-122.53125,40.40625_-122.53125
22,40.40625,-122.59375,40.40625_-122.59375
22,40.34375,-122.53125,40.34375_-122.53125
22,40.34375,-122.59375,40.34375_-122.59375
22,40.40625,-122.53125,40.40625_-122.53125
22,40.40625,-122.59375,40.40625_-122.59375
22,40.40625,-122.53125,40.40625_-122.53125
22,40.34375,-122.53125,40.34375_-122.53125
22,40.34375,-122.59375,40.34375_-122.59375
22,40.40625,-122.59375,40.40625_-122.59375
22,40.40625,-122.46875,40.40625_-122.46875
23,40.34375,-122.46875,40.34375_-122.46875
23,40.34375,-122.53125,40.34375_-122.53125
23,40.40625,-122.46875,40.40625_-122.46875
23,40.40625,-122.53125,40.40625_-122.53125
23,40.34375,-122.46875,40.34375_-122.46875
23,40.34375,-122.53125,40.34375_-122.53125
23,40.40625,-122.46875,40.40625_-122.46875
23,40.40625,-122.53125,40.40625_-122.53125
23,40.34375,-122.46875,40.34375_-122.46875
23,40.34375,-122.53125,40.34375_-122.53125
23,40.40625,-122.46875,40.40625_-122.46875
23,40.40625,-122.53125,40.40625_-122.53125
23,40.40625,-122.53125,40.40625_-122.53125
23,40.40625,-122.46875,40.40625_-122.46875
23,40.34375,-122.53125,40.34375_-122.53125
23,40.34375,-122.46875,40.34375_-122.46875
23,40.40625,-122.59375,40.40625_-122.59375
28,40.40625,-122.15625,40.40625_-122.15625
28,40.40625,-122.15625,40.40625_-122.15625
28,40.40625,-122.15625,40.40625_-122.15625
28,40.40625,-122.15625,40.40625_-122.15625
28,40.46875,-122.15625,40.46875_-122.15625
28,40.34375,-122.15625,40.34375_-122.15625
28,40.40625,-122.09375,40.40625_-122.09375
28,40.40625,-122.21875,40.40625_-122.21875
29,40.40625,-122.09375,40.40625_-122.09375
29,40.40625,-122.15625,40.40625_-122.15625
29,40.40625,-122.09375,40.40625_-122.09375
29,40.40625,-122.15625,40.40625_-122.15625
29,40.40625,-122.09375,40.40625_-122.09375
29,40.40625,-122.15625,40.40625_-122.15625
29,40.40625,-122.09375,40.40625_-122.09375
29,40.40625,-122.15625,40.40625_-122.15625
29,40.46875,-122.09375,40.46875_-122.09375
29,40.34375,-122.09375,40.34375_-122.09375
29,40.40625,-122.03125,40.40625_-122.03125
30,40.34375,-122.53125,40.34375_-122.53125
30,40.34375,-122.59375,40.34375_-122.59375
30,40.34375,-122.53125,40.34375_-122.53125
30,40.34375,-122.59375,40.34375_-122.59375
30,40.34375,-122.53125,40.34375_-122.53125
30,40.34375,-122.59375,40.34375_-122.59375
30,40.34375,-122.59375,40.34375_-122.59375
30,40.34375,-122.53125,40.34375_-122.53125
30,40.40625,-122.59375,40.40625_-122.59375
30,40.28125,-122.59375,40.28125_-122.59375
30,40.34375,-122.65625,40.34375_-122.65625
31,40.34375,-122.46875,40.34375_-122.46875
31,40.34375,-122.53125,40.34375_-122.53125
31,40.34375,-122.46875,40.34375_-122.46875
31,40.34375,-122.53125,40.34375_-122.53125
31,40.34375,-122.46875,40.34375_-122.46875
31,40.34375,-122.53125,40.34375_-122.53125
31,40.34375,-122.46875,40.34375_-122.46875
31,40.34375,-122.53125,40.34375_-122.53125
31,40.40625,-122.46875,40.40625_-122.46875
31,40.28125,-122.46875,40.28125_-122.46875
31,40.34375,-122.40625,40.34375_-122.40625
32,40.34375,-122.46875,40.34375_-122.46875
32,40.34375,-122.46875,40.34375_-122.46875
32,40.34375,-122.46875,40.34375_-122.46875
32,40.34375,-122.46875,40.34375_-122.46875
32,40.40625,-122.46875,40.40625_-122.46875
32,40.28125,-122.46875,40.28125_-122.46875
32,40.34375,-122.40625,40.34375_-122.40625
32,40.34375,-122.53125,40.34375_-122.53125
37,40.28125,-122.53125,40.28125_-122.53125
37,40.28125,-122.59375,40.28125_-122.59375
37,40.28125,-122.53125,40.28125_-122.53125
37,40.28125,-122.59375,40.28125_-122.59375
37,40.28125,-122.53125,40.28125_-122.53125
37,40.28125,-122.59375,40.28125_-122.59375
37,40.28125,-122.59375,40.28125_-122.59375
37,40.28125,-122.53125,40.28125_-122.53125
37,40.34375,-122.59375,40.34375_-122.59375
37,40.21875,-122.59375,40.21875_-122.59375
37,40.28125,-122.65625,40.28125_-122.65625
38,40.28125,-122.46875,40.28125_-122.46875
38,40.28125,-122.53125,40.28125_-122.53125
38,40.34375,-122.46875,40.34375_-122.46875
38,40.28125,-122.46875,40.28125_-122.46875
38,40.28125,-122.53125,40.28125_-122.53125
38,40.34375,-122.46875,40.34375_-122.46875
38,40.28125,-122.46875,40.28125_-122.46875
38,40.28125,-122.53125,40.28125_-122.53125
38,40.34375,-122.46875,40.34375_-122.46875
38,40.28125,-122.53125,40.28125_-122.53125
38,40.28125,-122.46875,40.28125_-122.46875
38,40.34375,-122.46875,40.34375_-122.46875
38,40.28125,-122.59375,40.28125_-122.59375
38,40.34375,-122.53125,40.34375_-122.53125
39,40.28125,-122.46875,40.28125_-122.46875
39,40.28125,-122.53125,40.28125_-122.53125
39,40.34375,-122.46875,40.34375_-122.46875
39,40.28125,-122.46875,40.28125_-122.46875
39,40.28125,-122.53125,40.28125_-122.53125
39,40.34375,-122.46875,40.34375_-122.46875
39,40.28125,-122.46875,40.28125_-122.46875
39,40.28125,-122.53125,40.28125_-122.53125
39,40.34375,-122.46875,40.34375_-122.46875
39,40.28125,-122.46875,40.28125_-122.46875
39,40.28125,-122.53125,40.28125_-122.53125
39,40.34375,-122.46875,40.34375_-122.46875
39,40.28125,-122.40625,40.28125_-122.40625
39,40.21875,-122.46875,40.21875_-122.46875
40,40.28125,-122.40625,40.28125_-122.40625
40,40.28125,-122.46875,40.28125_-122.46875
40,40.34375,-122.40625,40.34375_-122.40625
40,40.34375,-122.46875,40.34375_-122.46875
40,40.28125,-122.40625,40.28125_-122.40625
40,40.28125,-122.46875,40.28125_-122.46875
40,40.34375,-122.40625,40.34375_-122.40625
40,40.34375,-122.46875,40.34375_-122.46875
40,40.28125,-122.40625,40.28125_-122.40625
40,40.28125,-122.46875,40.28125_-122.46875
40,40.34375,-122.40625,40.34375_-122.40625
40,40.34375,-122.46875,40.34375_-122.46875
40,40.28125,-122.46875,40.28125_-122.46875
40,40.34375,-122.46875,40.34375_-122.46875
40,40.34375,-122.40625,40.34375_-122.40625
40,40.28125,-122.40625,40.28125_-122.40625
40,40.28125,-122.53125,40.28125_-122.53125
44,40.28125,-122.53125,40.28125_-122.53125
44,40.28125,-122.59375,40.28125_-122.59375
44,40.21875,-122.53125,40.21875_-122.53125
44,40.21875,-122.59375,40.21875_-122.59375
44,40.21875,-122.65625,40.21875_-122.65625
44,40.28125,-122.53125,40.28125_-122.53125
44,40.28125,-122.59375,40.28125_-122.59375
44,40.21875,-122.53125,40.21875_-122.53125
44,40.21875,-122.59375,40.21875_-122.59375
44,40.21875,-122.65625,40.21875_-122.65625
44,40.28125,-122.53125,40.28125_-122.53125
44,40.28125,-122.59375,40.28125_-122.59375
44,40.21875,-122.53125,40.21875_-122.53125
44,40.21875,-122.59375,40.21875_-122.59375
44,40.21875,-122.65625,40.21875_-122.65625
44,40.21875,-122.59375,40.21875_-122.59375
44,40.21875,-122.53125,40.21875_-122.53125
44,40.28125,-122.53125,40.28125_-122.53125
44,40.28125,-122.59375,40.28125_-122.59375
44,40.21875,-122.65625,40.21875_-122.65625
45,40.28125,-122.46875,40.28125_-122.46875
45,40.28125,-122.53125,40.28125_-122.53125
45,40.21875,-122.46875,40.21875_-122.46875
45,40.21875,-122.53125,40.21875_-122.53125
45,40.28125,-122.46875,40.28125_-122.46875
45,40.28125,-122.53125,40.28125_-122.53125
45,40.21875,-122.46875,40.21875_-122.46875
45,40.21875,-122.53125,40.21875_-122.53125
45,40.28125,-122.46875,40.28125_-122.46875
45,40.28125,-122.53125,40.28125_-122.53125
45,40.21875,-122.46875,40.21875_-122.46875
45,40.21875,-122.53125,40.21875_-122.53125
45,40.21875,-122.46875,40.21875_-122.46875
45,40.21875,-122.53125,40.21875_-122.53125
45,40.28125,-122.53125,40.28125_-122.53125
45,40.28125,-122.46875,40.28125_-122.46875
45,40.21875,-122.40625,40.21875_-122.40625
46,40.15625,-122.53125,40.15625_-122.53125
46,40.15625,-122.59375,40.15625_-122.59375
46,40.21875,-122.53125,40.21875_-122.53125
46,40.21875,-122.59375,40.21875_-122.59375
46,40.21875,-122.65625,40.21875_-122.65625
46,40.15625,-122.53125,40.15625_-122.53125
46,40.15625,-122.59375,40.15625_-122.59375
46,40.21875,-122.53125,40.21875_-122.53125
46,40.21875,-122.59375,40.21875_-122.59375
46,40.21875,-122.65625,40.21875_-122.65625
46,40.15625,-122.53125,40.15625_-122.53125
46,40.15625,-122.59375,40.15625_-122.59375
46,40.21875,-122.53125,40.21875_-122.53125
46,40.21875,-122.59375,40.21875_-122.59375
46,40.21875,-122.65625,40.21875_-122.65625
46,40.21875,-122.59375,40.21875_-122.59375
46,40.21875,-122.53125,40.21875_-122.53125
46,40.15625,-122.59375,40.15625_-122.59375
46,40.15625,-122.53125,40.15625_-122.53125
46,40.21875,-122.65625,40.21875_-122.65625
47,40.15625,-122.53125,40.15625_-122.53125
47,40.15625,-122.59375,40.15625_-122.59375
47,40.21875,-122.53125,40.21875_-122.53125
47,40.15625,-122.53125,40.15625_-122.53125
47,40.15625,-122.59375,40.15625_-122.59375
47,40.21875,-122.53125,40.21875_-122.53125
47,40.15625,-122.53125,40.15625_-122.53125
47,40.15625,-122.59375,40.15625_-122.59375
47,40.21875,-122.53125,40.21875_-122.53125
47,40.21875,-122.53125,40.21875_-122.53125
47,40.15625,-122.53125,40.15625_-122.53125
47,40.15625,-122.59375,40.15625_-122.59375
47,40.21875,-122.46875,40.21875_-122.46875
47,40.21875,-122.59375,40.21875_-122.59375
48,40.21875,-122.46875,40.21875_-122.46875
48,40.21875,-122.53125,40.21875_-122.53125
48,40.21875,-122.46875,40.21875_-122.46875
48,40.21875,-122.53125,40.21875_-122.53125
48,40.21875,-122.46875,40.21875_-122.46875
48,40.21875,-122.53125,40.21875_-122.53125
48,40.21875,-122.46875,40.21875_-122.46875
48,40.21875,-122.53125,40.21875_-122.53125
48,40.28125,-122.46875,40.28125_-122.46875
48,40.15625,-122.46875,40.15625_-122.46875
48,40.21875,-122.40625,40.21875_-122.40625
52,40.28125,-122.15625,40.28125_-122.15625
52,40.28125,-122.21875,40.28125_-122.21875
52,40.28125,-122.15625,40.28125_-122.15625
52,40.28125,-122.21875,40.28125_-122.21875
52,40.28125,-122.15625,40.28125_-122.15625
52,40.28125,-122.21875,40.28125_-122.21875
52,40.28125,-122.15625,40.28125_-122.15625
52,40.28125,-122.21875,40.28125_-122.21875
52,40.34375,-122.15625,40.34375_-122.15625
52,40.21875,-122.15625,40.21875_-122.15625
52,40.28125,-122.09375,40.28125_-122.09375
53,40.28125,-122.15625,40.28125_-122.15625
53,40.21875,-122.15625,40.21875_-122.15625
53,40.28125,-122.15625,40.28125_-122.15625
53,40.21875,-122.15625,40.21875_-122.15625
53,40.28125,-122.15625,40.28125_-122.15625
53,40.21875,-122.15625,40.21875_-122.15625
53,40.28125,-122.15625,40.28125_-122.15625
53,40.21875,-122.15625,40.21875_-122.15625
53,40.34375,-122.15625,40.34375_-122.15625
53,40.28125,-122.21875,40.28125_-122.21875
53,40.28125,-122.09375,40.28125_-122.09375
54,40.15625,-122.53125,40.15625_-122.53125
54,40.15625,-122.59375,40.15625_-122.59375
54,40.15625,-122.53125,40.15625_-122.53125
54,40.15625,-122.59375,40.15625_-122.59375
54,40.15625,-122.53125,40.15625_-122.53125
54,40.15625,-122.59375,40.15625_-122.59375
54,40.15625,-122.53125,40.15625_-122.53125
54,40.15625,-122.59375,40.15625_-122.59375
54,40.21875,-122.53125,40.21875_-122.53125
54,40.09375,-122.53125,40.09375_-122.53125
54,40.15625,-122.46875,40.15625_-122.46875
78,40.03125,-122.03125,40.03125_-122.03125
78,40.03125,-122.03125,40.03125_-122.03125
78,40.03125,-122.03125,40.03125_-122.03125
78,40.03125,-122.03125,40.03125_-122.03125
78,40.09375,-122.03125,40.09375_-122.03125
78,39.96875,-122.03125,39.96875_-122.03125
78,40.03125,-121.96875,40.03125_-121.96875
78,40.03125,-122.09375,40.03125_-122.09375
85,40.03125,-122.03125,40.03125_-122.03125
85,40.03125,-122.03125,40.03125_-122.03125
85,40.03125,-122.03125,40.03125_-122.03125
85,40.03125,-122.03125,40.03125_-122.03125
85,40.09375,-122.03125,40.09375_-122.03125
85,39.96875,-122.03125,39.96875_-122.03125
85,40.03125,-121.96875,40.03125_-121.96875
85,40.03125,-122.09375,40.03125_-122.09375
106,39.84375,-122.40625,39.84375_-122.40625
106,39.84375,-122.46875,39.84375_-122.46875
106,39.84375,-122.40625,39.84375_-122.40625
106,39.84375,-122.46875,39.84375_-122.46875
106,39.84375,-122.40625,39.84375_-122.40625
106,39.84375,-122.46875,39.84375_-122.46875
106,39.84375,-122.40625,39.84375_-122.40625
106,39.84375,-122.46875,39.84375_-122.46875
106,39.90625,-122.40625,39.90625_-122.40625
106,39.78125,-122.40625,39.78125_-122.40625
106,39.84375,-122.34375,39.84375_-122.34375
107,39.84375,-122.34375,39.84375_-122.34375
107,39.84375,-122.40625,39.84375_-122.40625
107,39.78125,-122.34375,39.78125_-122.34375
107,39.84375,-122.34375,39.84375_-122.34375
107,39.84375,-122.40625,39.84375_-122.40625
107,39.78125,-122.34375,39.78125_-122.34375
107,39.84375,-122.34375,39.84375_-122.34375
107,39.84375,-122.40625,39.84375_-122.40625
107,39.78125,-122.34375,39.78125_-122.34375
107,39.84375,-122.34375,39.84375_-122.34375
107,39.84375,-122.40625,39.84375_-122.40625
107,39.78125,-122.34375,39.78125_-122.34375
107,39.84375,-122.28125,39.84375_-122.28125
107,39.90625,-122.34375,39.90625_-122.34375
108,39.84375,-122.34375,39.84375_-122.34375
108,39.78125,-122.34375,39.78125_-122.34375
108,39.84375,-122.34375,39.84375_-122.34375
108,39.78125,-122.34375,39.78125_-122.34375
108,39.84375,-122.34375,39.84375_-122.34375
108,39.78125,-122.34375,39.78125_-122.34375
108,39.84375,-122.34375,39.84375_-122.34375
108,39.78125,-122.34375,39.78125_-122.34375
108,39.90625,-122.34375,39.90625_-122.34375
108,39.84375,-122.40625,39.84375_-122.40625
108,39.84375,-122.28125,39.84375_-122.28125
115,39.84375,-121.84375,39.84375_-121.84375
115,39.84375,-121.84375,39.84375_-121.84375
115,39.84375,-121.84375,39.84375_-121.84375
115,39.84375,-121.84375,39.84375_-121.84375
115,39.90625,-121.84375,39.90625_-121.84375
115,39.78125,-121.84375,39.78125_-121.84375
115,39.84375,-121.78125,39.84375_-121.78125
115,39.84375,-121.90625,39.84375_-121.90625
121,39.84375,-122.40625,39.84375_-122.40625
121,39.84375,-122.46875,39.84375_-122.46875
121,39.78125,-122.40625,39.78125_-122.40625
121,39.78125,-122.46875,39.78125_-122.46875
121,39.84375,-122.40625,39.84375_-122.40625
121,39.84375,-122.46875,39.84375_-122.46875
121,39.78125,-122.40625,39.78125_-122.40625
121,39.78125,-122.46875,39.78125_-122.46875
121,39.84375,-122.40625,39.84375_-122.40625
121,39.84375,-122.46875,39.84375_-122.46875
121,39.78125,-122.40625,39.78125_-122.40625
121,39.78125,-122.46875,39.78125_-122.46875
121,39.78125,-122.40625,39.78125_-122.40625
121,39.78125,-122.46875,39.78125_-122.46875
121,39.84375,-122.46875,39.84375_-122.46875
121,39.84375,-122.40625,39.84375_-122.40625
121,39.78125,-122.34375,39.78125_-122.34375
122,39.84375,-122.34375,39.84375_-122.34375
122,39.84375,-122.40625,39.84375_-122.40625
122,39.78125,-122.34375,39.78125_-122.34375
122,39.78125,-122.40625,39.78125_-122.40625
122,39.84375,-122.34375,39.84375_-122.34375
122,39.84375,-122.40625,39.84375_-122.40625
122,39.78125,-122.34375,39.78125_-122.34375
122,39.78125,-122.40625,39.78125_-122.40625
122,39.84375,-122.34375,39.84375_-122.34375
122,39.84375,-122.40625,39.84375_-122.40625
122,39.78125,-122.34375,39.78125_-122.34375
122,39.78125,-122.40625,39.78125_-122.40625
122,39.78125,-122.34375,39.78125_-122.34375
122,39.78125,-122.40625,39.78125_-122.40625
122,39.84375,-122.40625,39.84375_-122.40625
122,39.84375,-122.34375,39.84375_-122.34375
122,39.78125,-122.28125,39.78125_-122.28125
123,39.78125,-122.34375,39.78125_-122.34375
123,39.78125,-122.40625,39.78125_-122.40625
123,39.78125,-122.34375,39.78125_-122.34375
123,39.78125,-122.40625,39.78125_-122.40625
123,39.78125,-122.34375,39.78125_-122.34375
123,39.78125,-122.40625,39.78125_-122.40625
123,39.78125,-122.34375,39.78125_-122.34375
123,39.78125,-122.40625,39.78125_-122.40625
123,39.84375,-122.34375,39.84375_-122.34375
123,39.71875,-122.34375,39.71875_-122.34375
123,39.78125,-122.28125,39.78125_-122.28125
137,39.71875,-122.40625,39.71875_-122.40625
137,39.71875,-122.46875,39.71875_-122.46875
137,39.78125,-122.40625,39.78125_-122.40625
137,39.78125,-122.46875,39.78125_-122.46875
137,39.71875,-122.40625,39.71875_-122.40625
137,39.71875,-122.46875,39.71875_-122.46875
137,39.78125,-122.40625,39.78125_-122.40625
137,39.78125,-122.46875,39.78125_-122.46875
137,39.71875,-122.40625,39.71875_-122.40625
137,39.71875,-122.46875,39.71875_-122.46875
137,39.78125,-122.40625,39.78125_-122.40625
137,39.78125,-122.46875,39.78125_-122.46875
137,39.78125,-122.40625,39.78125_-122.40625
137,39.71875,-122.40625,39.71875_-122.40625
137,39.78125,-122.46875,39.78125_-122.46875
137,39.71875,-122.46875,39.71875_-122.46875
137,39.78125,-122.34375,39.78125_-122.34375
138,39.71875,-122.34375,39.71875_-122.34375
138,39.71875,-122.40625,39.71875_-122.40625
138,39.78125,-122.34375,39.78125_-122.34375
138,39.78125,-122.40625,39.78125_-122.40625
138,39.71875,-122.34375,39.71875_-122.34375
138,39.71875,-122.40625,39.71875_-122.40625
138,39.78125,-122.34375,39.78125_-122.34375
138,39.78125,-122.40625,39.78125_-122.40625
138,39.71875,-122.34375,39.71875_-122.34375
138,39.71875,-122.40625,39.71875_-122.40625
138,39.78125,-122.34375,39.78125_-122.34375
138,39.78125,-122.40625,39.78125_-122.40625
138,39.71875,-122.40625,39.71875_-122.40625
138,39.78125,-122.34375,39.78125_-122.34375
138,39.71875,-122.34375,39.71875_-122.34375
138,39.78125,-122.40625,39.78125_-122.40625
138,39.71875,-122.46875,39.71875_-122.46875
321,39.03125,-121.34375,39.03125_-121.34375
321,39.09375,-121.34375,39.09375_-121.34375
321,39.03125,-121.34375,39.03125_-121.34375
321,39.09375,-121.34375,39.09375_-121.34375
321,39.03125,-121.34375,39.03125_-121.34375
321,39.09375,-121.34375,39.09375_-121.34375
321,39.09375,-121.34375,39.09375_-121.34375
321,39.03125,-121.34375,39.03125_-121.34375
321,39.15625,-121.34375,39.15625_-121.34375
321,39.09375,-121.40625,39.09375_-121.40625
321,39.09375,-121.28125,39.09375_-121.28125
400,38.53125,-121.09375,38.53125_-121.09375
400,38.53125,-121.15625,38.53125_-121.15625
400,38.59375,-121.09375,38.59375_-121.09375
400,38.59375,-121.15625,38.59375_-121.15625
400,38.53125,-121.09375,38.53125_-121.09375
400,38.53125,-121.15625,38.53125_-121.15625
400,38.59375,-121.09375,38.59375_-121.09375
400,38.59375,-121.15625,38.59375_-121.15625
400,38.59375,-121.09375,38.59375_-121.09375
400,38.53125,-121.09375,38.53125_-121.09375
400,38.59375,-121.15625,38.59375_-121.15625
400,38.53125,-121.15625,38.53125_-121.15625
400,38.59375,-121.03125,38.59375_-121.03125
401,38.53125,-121.09375,38.53125_-121.09375
401,38.53125,-121.09375,38.53125_-121.09375
401,38.53125,-121.09375,38.53125_-121.09375
401,38.59375,-121.09375,38.59375_-121.09375
401,38.46875,-121.09375,38.46875_-121.09375
401,38.53125,-121.03125,38.53125_-121.03125
401,38.53125,-121.15625,38.53125_-121.15625
439,38.46875,-121.03125,38.46875_-121.03125
439,38.46875,-121.03125,38.46875_-121.03125
439,38.46875,-121.03125,38.46875_-121.03125
439,38.53125,-121.03125,38.53125_-121.03125
439,38.40625,-121.03125,38.40625_-121.03125
439,38.46875,-120.96875,38.46875_-120.96875
439,38.46875,-121.09375,38.46875_-121.09375
458,38.46875,-121.03125,38.46875_-121.03125
458,38.46875,-121.03125,38.46875_-121.03125
458,38.46875,-121.03125,38.46875_-121.03125
458,38.53125,-121.03125,38.53125_-121.03125
458,38.40625,-121.03125,38.40625_-121.03125
458,38.46875,-120.96875,38.46875_-120.96875
458,38.46875,-121.09375,38.46875_-121.09375
460,38.40625,-120.96875,38.40625_-120.96875
460,38.40625,-120.96875,38.40625_-120.96875
460,38.40625,-120.96875,38.40625_-120.96875
460,38.46875,-120.96875,38.46875_-120.96875
460,38.34375,-120.96875,38.34375_-120.96875
460,38.40625,-120.90625,38.40625_-120.90625
460,38.40625,-121.03125,38.40625_-121.03125
461,38.40625,-120.96875,38.40625_-120.96875
461,38.40625,-120.96875,38.40625_-120.96875
461,38.40625,-120.96875,38.40625_-120.96875
461,38.46875,-120.96875,38.46875_-120.96875
461,38.34375,-120.96875,38.34375_-120.96875
461,38.40625,-120.90625,38.40625_-120.90625
461,38.40625,-121.03125,38.40625_-121.03125
478,38.28125,-120.96875,38.28125_-120.96875
478,38.28125,-120.96875,38.28125_-120.96875
478,38.28125,-120.96875,38.28125_-120.96875
478,38.34375,-120.96875,38.34375_-120.96875
478,38.21875,-120.96875,38.21875_-120.96875
478,38.28125,-120.90625,38.28125_-120.90625
478,38.28125,-121.03125,38.28125_-121.03125
479,38.34375,-120.90625,38.34375_-120.90625
479,38.34375,-120.90625,38.34375_-120.90625
479,38.34375,-120.90625,38.34375_-120.90625
479,38.40625,-120.90625,38.40625_-120.90625
479,38.28125,-120.90625,38.28125_-120.90625
479,38.34375,-120.84375,38.34375_-120.84375
479,38.34375,-120.96875,38.34375_-120.96875
480,38.34375,-121.96875,38.34375_-121.96875
480,38.34375,-122.03125,38.34375_-122.03125
480,38.28125,-121.96875,38.28125_-121.96875
480,38.28125,-122.03125,38.28125_-122.03125
480,38.34375,-121.96875,38.34375_-121.96875
480,38.34375,-122.03125,38.34375_-122.03125
480,38.28125,-121.96875,38.28125_-121.96875
480,38.28125,-122.03125,38.28125_-122.03125
480,38.28125,-121.96875,38.28125_-121.96875
480,38.28125,-122.03125,38.28125_-122.03125
480,38.34375,-121.96875,38.34375_-121.96875
480,38.34375,-122.03125,38.34375_-122.03125
480,38.28125,-121.90625,38.28125_-121.90625
481,38.34375,-121.96875,38.34375_-121.96875
481,38.28125,-121.90625,38.28125_-121.90625
481,38.28125,-121.96875,38.28125_-121.96875
481,38.34375,-121.96875,38.34375_-121.96875
481,38.28125,-121.90625,38.28125_-121.90625
481,38.28125,-121.96875,38.28125_-121.96875
481,38.28125,-121.90625,38.28125_-121.90625
481,38.28125,-121.96875,38.28125_-121.96875
481,38.34375,-121.96875,38.34375_-121.96875
481,38.28125,-121.84375,38.28125_-121.84375
481,38.34375,-121.90625,38.34375_-121.90625
495,38.21875,-122.03125,38.21875_-122.03125
495,38.21875,-122.09375,38.21875_-122.09375
495,38.28125,-122.03125,38.28125_-122.03125
495,38.28125,-122.09375,38.28125_-122.09375
495,38.21875,-122.03125,38.21875_-122.03125
495,38.21875,-122.09375,38.21875_-122.09375
495,38.28125,-122.03125,38.28125_-122.03125
495,38.28125,-122.09375,38.28125_-122.09375
495,38.28125,-122.09375,38.28125_-122.09375
495,38.21875,-122.09375,38.21875_-122.09375
495,38.28125,-122.03125,38.28125_-122.03125
495,38.21875,-122.03125,38.21875_-122.03125
495,38.28125,-122.15625,38.28125_-122.15625
496,38.21875,-121.96875,38.21875_-121.96875
496,38.21875,-122.03125,38.21875_-122.03125
496,38.28125,-121.96875,38.28125_-121.96875
496,38.28125,-122.03125,38.28125_-122.03125
496,38.21875,-121.96875,38.21875_-121.96875
496,38.21875,-122.03125,38.21875_-122.03125
496,38.28125,-121.96875,38.28125_-121.96875
496,38.28125,-122.03125,38.28125_-122.03125
496,38.21875,-122.03125,38.21875_-122.03125
496,38.21875,-121.96875,38.21875_-121.96875
496,38.28125,-122.03125,38.28125_-122.03125
496,38.28125,-121.96875,38.28125_-121.96875
496,38.21875,-122.09375,38.21875_-122.09375
497,38.15625,-121.90625,38.15625_-121.90625
497,38.21875,-121.84375,38.21875_-121.84375
497,38.21875,-121.90625,38.21875_-121.90625
497,38.21875,-121.96875,38.21875_-121.96875
497,38.28125,-121.84375,38.28125_-121.84375
497,38.28125,-121.90625,38.28125_-121.90625
497,38.28125,-121.96875,38.28125_-121.96875
497,38.15625,-121.90625,38.15625_-121.90625
497,38.21875,-121.84375,38.21875_-121.84375
497,38.21875,-121.90625,38.21875_-121.90625
497,38.21875,-121.96875,38.21875_-121.96875
497,38.28125,-121.84375,38.28125_-121.84375
497,38.28125,-121.90625,38.28125_-121.90625
497,38.28125,-121.96875,38.28125_-121.96875
497,38.21875,-121.90625,38.21875_-121.90625
497,38.21875,-121.96875,38.21875_-121.96875
497,38.28125,-121.90625,38.28125_-121.90625
497,38.28125,-121.96875,38.28125_-121.96875
497,38.28125,-121.84375,38.28125_-121.84375
497,38.15625,-121.90625,38.15625_-121.90625
497,38.21875,-121.84375,38.21875_-121.84375
498,38.15625,-121.84375,38.15625_-121.84375
498,38.15625,-121.90625,38.15625_-121.90625
498,38.21875,-121.84375,38.21875_-121.84375
498,38.21875,-121.90625,38.21875_-121.90625
498,38.15625,-121.84375,38.15625_-121.84375
498,38.15625,-121.90625,38.15625_-121.90625
498,38.21875,-121.84375,38.21875_-121.84375
498,38.21875,-121.90625,38.21875_-121.90625
498,38.21875,-121.84375,38.21875_-121.84375
498,38.21875,-121.90625,38.21875_-121.90625
498,38.15625,-121.84375,38.15625_-121.84375
498,38.15625,-121.90625,38.15625_-121.90625
498,38.21875,-121.78125,38.21875_-121.78125
518,38.21875,-120.96875,38.21875_-120.96875
518,38.21875,-121.03125,38.21875_-121.03125
518,38.28125,-120.90625,38.28125_-120.90625
518,38.28125,-120.96875,38.28125_-120.96875
518,38.21875,-120.96875,38.21875_-120.96875
518,38.21875,-121.03125,38.21875_-121.03125
518,38.28125,-120.90625,38.28125_-120.90625
518,38.28125,-120.96875,38.28125_-120.96875
518,38.28125,-120.96875,38.28125_-120.96875
518,38.21875,-120.96875,38.21875_-120.96875
518,38.21875,-121.03125,38.21875_-121.03125
518,38.28125,-120.90625,38.28125_-120.90625
518,38.28125,-121.03125,38.28125_-121.03125
519,38.34375,-120.90625,38.34375_-120.90625
519,38.28125,-120.84375,38.28125_-120.84375
519,38.28125,-120.90625,38.28125_-120.90625
519,38.34375,-120.90625,38.34375_-120.90625
519,38.28125,-120.84375,38.28125_-120.84375
519,38.28125,-120.90625,38.28125_-120.90625
519,38.28125,-120.90625,38.28125_-120.90625
519,38.28125,-120.84375,38.28125_-120.84375
519,38.34375,-120.90625,38.34375_-120.90625
519,38.28125,-120.96875,38.28125_-120.96875
519,38.21875,-120.90625,38.21875_-120.90625
526,38.21875,-121.03125,38.21875_-121.03125
526,38.21875,-121.03125,38.21875_-121.03125
526,38.21875,-121.03125,38.21875_-121.03125
526,38.28125,-121.03125,38.28125_-121.03125
526,38.28125,-120.96875,38.28125_-120.96875
526,38.21875,-120.96875,38.21875_-120.96875
526,38.21875,-121.09375,38.21875_-121.09375
527,38.21875,-120.90625,38.21875_-120.90625
527,38.21875,-120.96875,38.21875_-120.96875
527,38.21875,-121.03125,38.21875_-121.03125
527,38.21875,-120.90625,38.21875_-120.90625
527,38.21875,-120.96875,38.21875_-120.96875
527,38.21875,-121.03125,38.21875_-121.03125
527,38.21875,-120.96875,38.21875_-120.96875
527,38.21875,-120.90625,38.21875_-120.90625
527,38.21875,-121.03125,38.21875_-121.03125
527,38.28125,-120.96875,38.28125_-120.96875
527,38.15625,-120.96875,38.15625_-120.96875
528,38.21875,-120.90625,38.21875_-120.90625
528,38.21875,-120.96875,38.21875_-120.96875
528,38.21875,-121.03125,38.21875_-121.03125
528,38.28125,-120.90625,38.28125_-120.90625
528,38.28125,-120.96875,38.28125_-120.96875
528,38.21875,-120.90625,38.21875_-120.90625
528,38.21875,-120.96875,38.21875_-120.96875
528,38.21875,-121.03125,38.21875_-121.03125
528,38.28125,-120.90625,38.28125_-120.90625
528,38.28125,-120.96875,38.28125_-120.96875
528,38.21875,-120.96875,38.21875_-120.96875
528,38.21875,-120.90625,38.21875_-120.90625
528,38.28125,-120.90625,38.28125_-120.90625
528,38.21875,-121.03125,38.21875_-121.03125
528,38.28125,-120.96875,38.28125_-120.96875
529,38.21875,-120.84375,38.21875_-120.84375
529,38.21875,-120.90625,38.21875_-120.90625
529,38.28125,-120.84375,38.28125_-120.84375
529,38.28125,-120.90625,38.28125_-120.90625
529,38.21875,-120.84375,38.21875_-120.84375
529,38.21875,-120.90625,38.21875_-120.90625
529,38.28125,-120.84375,38.28125_-120.84375
529,38.28125,-120.90625,38.28125_-120.90625
529,38.28125,-120.84375,38.28125_-120.84375
529,38.28125,-120.90625,38.28125_-120.90625
529,38.21875,-120.90625,38.21875_-120.90625
529,38.21875,-120.84375,38.21875_-120.84375
529,38.28125,-120.78125,38.28125_-120.78125
530,38.09375,-120.84375,38.09375_-120.84375
530,38.09375,-120.90625,38.09375_-120.90625
530,38.15625,-120.84375,38.15625_-120.84375
530,38.15625,-120.90625,38.15625_-120.90625
530,38.15625,-120.96875,38.15625_-120.96875
530,38.21875,-120.84375,38.21875_-120.84375
530,38.21875,-120.90625,38.21875_-120.90625
530,38.09375,-120.84375,38.09375_-120.84375
530,38.09375,-120.90625,38.09375_-120.90625
530,38.15625,-120.84375,38.15625_-120.84375
530,38.15625,-120.90625,38.15625_-120.90625
530,38.15625,-120.96875,38.15625_-120.96875
530,38.21875,-120.84375,38.21875_-120.84375
530,38.21875,-120.90625,38.21875_-120.90625
530,38.15625,-120.90625,38.15625_-120.90625
530,38.15625,-120.84375,38.15625_-120.84375
530,38.21875,-120.90625,38.21875_-120.90625
530,38.09375,-120.90625,38.09375_-120.90625
530,38.09375,-120.84375,38.09375_-120.84375
530,38.21875,-120.84375,38.21875_-120.84375
530,38.15625,-120.96875,38.15625_-120.96875
531,38.21875,-120.84375,38.21875_-120.84375
531,38.21875,-120.90625,38.21875_-120.90625
531,38.28125,-120.84375,38.28125_-120.84375
531,38.21875,-120.84375,38.21875_-120.84375
531,38.21875,-120.90625,38.21875_-120.90625
531,38.28125,-120.84375,38.28125_-120.84375
531,38.21875,-120.84375,38.21875_-120.84375
531,38.21875,-120.90625,38.21875_-120.90625
531,38.28125,-120.84375,38.28125_-120.84375
531,38.21875,-120.78125,38.21875_-120.78125
531,38.15625,-120.84375,38.15625_-120.84375
532,38.21875,-120.78125,38.21875_-120.78125
532,38.21875,-120.84375,38.21875_-120.84375
532,38.28125,-120.78125,38.28125_-120.78125
532,38.28125,-120.84375,38.28125_-120.84375
532,38.21875,-120.78125,38.21875_-120.78125
532,38.21875,-120.84375,38.21875_-120.84375
532,38.28125,-120.78125,38.28125_-120.78125
532,38.28125,-120.84375,38.28125_-120.84375
532,38.21875,-120.84375,38.21875_-120.84375
532,38.21875,-120.78125,38.21875_-120.78125
532,38.28125,-120.84375,38.28125_-120.84375
532,38.28125,-120.78125,38.28125_-120.78125
532,38.21875,-120.90625,38.21875_-120.90625
533,38.15625,-122.09375,38.15625_-122.09375
533,38.15625,-122.15625,38.15625_-122.15625
533,38.21875,-122.03125,38.21875_-122.03125
533,38.21875,-122.09375,38.21875_-122.09375
533,38.15625,-122.09375,38.15625_-122.09375
533,38.15625,-122.15625,38.15625_-122.15625
533,38.21875,-122.03125,38.21875_-122.03125
533,38.21875,-122.09375,38.21875_-122.09375
533,38.15625,-122.09375,38.15625_-122.09375
533,38.21875,-122.09375,38.21875_-122.09375
533,38.21875,-122.03125,38.21875_-122.03125
533,38.15625,-122.15625,38.15625_-122.15625
534,38.15625,-122.09375,38.15625_-122.09375
534,38.21875,-121.96875,38.21875_-121.96875
534,38.21875,-122.03125,38.21875_-122.03125
534,38.15625,-122.09375,38.15625_-122.09375
534,38.21875,-121.96875,38.21875_-121.96875
534,38.21875,-122.03125,38.21875_-122.03125
534,38.21875,-122.03125,38.21875_-122.03125
534,38.15625,-122.09375,38.15625_-122.09375
534,38.21875,-121.96875,38.21875_-121.96875
534,38.21875,-122.09375,38.21875_-122.09375
534,38.28125,-122.03125,38.28125_-122.03125
535,38.15625,-121.90625,38.15625_-121.90625
535,38.21875,-121.90625,38.21875_-121.90625
535,38.21875,-121.96875,38.21875_-121.96875
535,38.15625,-121.90625,38.15625_-121.90625
535,38.21875,-121.90625,38.21875_-121.90625
535,38.21875,-121.96875,38.21875_-121.96875
535,38.15625,-121.90625,38.15625_-121.90625
535,38.21875,-121.96875,38.21875_-121.96875
535,38.21875,-121.90625,38.21875_-121.90625
535,38.15625,-121.84375,38.15625_-121.84375
536,38.15625,-121.84375,38.15625_-121.84375
536,38.15625,-121.90625,38.15625_-121.90625
536,38.15625,-121.84375,38.15625_-121.84375
536,38.15625,-121.90625,38.15625_-121.90625
536,38.15625,-121.84375,38.15625_-121.84375
536,38.15625,-121.90625,38.15625_-121.90625
536,38.21875,-121.84375,38.21875_-121.84375
536,38.09375,-121.84375,38.09375_-121.84375
536,38.15625,-121.78125,38.15625_-121.78125
537,38.15625,-121.78125,38.15625_-121.78125
537,38.15625,-121.84375,38.15625_-121.84375
537,38.15625,-121.78125,38.15625_-121.78125
537,38.15625,-121.84375,38.15625_-121.84375
537,38.15625,-121.84375,38.15625_-121.84375
537,38.15625,-121.78125,38.15625_-121.78125
537,38.21875,-121.84375,38.21875_-121.84375
537,38.09375,-121.84375,38.09375_-121.84375
537,38.15625,-121.90625,38.15625_-121.90625
549,38.03125,-121.03125,38.03125_-121.03125
549,38.09375,-120.96875,38.09375_-120.96875
549,38.09375,-121.03125,38.09375_-121.03125
549,38.03125,-121.03125,38.03125_-121.03125
549,38.09375,-120.96875,38.09375_-120.96875
549,38.09375,-121.03125,38.09375_-121.03125
549,38.09375,-120.96875,38.09375_-120.96875
549,38.09375,-121.03125,38.09375_-121.03125
549,38.03125,-121.03125,38.03125_-121.03125
549,38.09375,-120.90625,38.09375_-120.90625
549,38.15625,-120.96875,38.15625_-120.96875
550,38.09375,-120.84375,38.09375_-120.84375
550,38.09375,-120.90625,38.09375_-120.90625
550,38.09375,-120.96875,38.09375_-120.96875
550,38.09375,-121.03125,38.09375_-121.03125
550,38.15625,-120.90625,38.15625_-120.90625
550,38.15625,-120.96875,38.15625_-120.96875
550,38.15625,-121.03125,38.15625_-121.03125
550,38.09375,-120.84375,38.09375_-120.84375
550,38.09375,-120.90625,38.09375_-120.90625
550,38.09375,-120.96875,38.09375_-120.96875
550,38.09375,-121.03125,38.09375_-121.03125
550,38.15625,-120.90625,38.15625_-120.90625
550,38.15625,-120.96875,38.15625_-120.96875
550,38.15625,-121.03125,38.15625_-121.03125
550,38.09375,-120.96875,38.09375_-120.96875
550,38.09375,-120.90625,38.09375_-120.90625
550,38.15625,-120.96875,38.15625_-120.96875
550,38.15625,-121.03125,38.15625_-121.03125
550,38.09375,-121.03125,38.09375_-121.03125
550,38.15625,-120.90625,38.15625_-120.90625
550,38.09375,-120.84375,38.09375_-120.84375
551,38.15625,-122.09375,38.15625_-122.09375
551,38.15625,-122.15625,38.15625_-122.15625
551,38.15625,-122.09375,38.15625_-122.09375
551,38.15625,-122.15625,38.15625_-122.15625
551,38.15625,-122.09375,38.15625_-122.09375
551,38.15625,-122.15625,38.15625_-122.15625
551,38.21875,-122.09375,38.21875_-122.09375
551,38.09375,-122.09375,38.09375_-122.09375
552,38.15625,-122.09375,38.15625_-122.09375
552,38.15625,-122.09375,38.15625_-122.09375
552,38.15625,-122.09375,38.15625_-122.09375
552,38.21875,-122.09375,38.21875_-122.09375
552,38.21875,-122.03125,38.21875_-122.03125
552,38.09375,-122.15625,38.09375_-122.15625
552,38.15625,-122.15625,38.15625_-122.15625
553,38.03125,-121.71875,38.03125_-121.71875
554,38.03125,-121.71875,38.03125_-121.71875
555,38.03125,-121.84375,38.03125_-121.84375
555,38.09375,-121.84375,38.09375_-121.84375
555,38.03125,-121.84375,38.03125_-121.84375
555,38.09375,-121.84375,38.09375_-121.84375
555,37.96875,-121.84375,37.96875_-121.84375
555,38.03125,-121.90625,38.03125_-121.90625
555,38.03125,-121.78125,38.03125_-121.78125
567,38.03125,-120.96875,38.03125_-120.96875
567,38.03125,-121.03125,38.03125_-121.03125
567,38.09375,-120.96875,38.09375_-120.96875
567,38.09375,-121.03125,38.09375_-121.03125
567,38.03125,-120.96875,38.03125_-120.96875
567,38.03125,-121.03125,38.03125_-121.03125
567,38.09375,-120.96875,38.09375_-120.96875
567,38.09375,-121.03125,38.09375_-121.03125
567,38.03125,-120.96875,38.03125_-120.96875
567,38.03125,-121.03125,38.03125_-121.03125
567,38.09375,-121.03125,38.09375_-121.03125
567,38.09375,-120.96875,38.09375_-120.96875
567,38.03125,-120.90625,38.03125_-120.90625
568,38.03125,-120.84375,38.03125_-120.84375
568,38.03125,-120.90625,38.03125_-120.90625
568,38.03125,-120.96875,38.03125_-120.96875
568,38.09375,-120.84375,38.09375_-120.84375
568,38.09375,-120.90625,38.09375_-120.90625
568,38.09375,-120.96875,38.09375_-120.96875
568,38.03125,-120.84375,38.03125_-120.84375
568,38.03125,-120.90625,38.03125_-120.90625
568,38.03125,-120.96875,38.03125_-120.96875
568,38.09375,-120.84375,38.09375_-120.84375
568,38.09375,-120.90625,38.09375_-120.90625
568,38.09375,-120.96875,38.09375_-120.96875
568,38.03125,-120.90625,38.03125_-120.90625
568,38.03125,-120.84375,38.03125_-120.84375
568,38.09375,-120.90625,38.09375_-120.90625
568,38.03125,-120.96875,38.03125_-120.96875
568,38.09375,-120.84375,38.09375_-120.84375
568,38.09375,-120.96875,38.09375_-120.96875
569,38.03125,-121.84375,38.03125_-121.84375
569,38.03125,-121.90625,38.03125_-121.90625
569,38.03125,-121.96875,38.03125_-121.96875
569,38.03125,-121.90625,38.03125_-121.90625
569,38.03125,-121.84375,38.03125_-121.84375
569,38.03125,-121.96875,38.03125_-121.96875
569,37.96875,-121.90625,37.96875_-121.90625
570,37.96875,-121.78125,37.96875_-121.78125
570,37.96875,-121.84375,37.96875_-121.84375
570,37.96875,-121.78125,37.96875_-121.78125
570,37.96875,-121.84375,37.96875_-121.84375
570,37.96875,-121.78125,37.96875_-121.78125
570,37.96875,-121.84375,37.96875_-121.84375
570,38.03125,-121.78125,38.03125_-121.78125
570,37.90625,-121.78125,37.90625_-121.78125
570,37.96875,-121.71875,37.96875_-121.71875
571,37.96875,-121.78125,37.96875_-121.78125
571,37.96875,-121.78125,37.96875_-121.78125
571,37.96875,-121.78125,37.96875_-121.78125
571,37.90625,-121.71875,37.90625_-121.71875
571,37.90625,-121.78125,37.90625_-121.78125
571,37.96875,-121.71875,37.96875_-121.71875
571,37.96875,-121.84375,37.96875_-121.84375
572,37.96875,-121.71875,37.96875_-121.71875
572,37.96875,-121.78125,37.96875_-121.78125
572,37.96875,-121.71875,37.96875_-121.71875
572,37.96875,-121.78125,37.96875_-121.78125
572,37.96875,-121.78125,37.96875_-121.78125
572,37.96875,-121.71875,37.96875_-121.71875
572,38.03125,-121.78125,38.03125_-121.78125
572,37.90625,-121.78125,37.90625_-121.78125
572,37.96875,-121.84375,37.96875_-121.84375
573,37.96875,-121.71875,37.96875_-121.71875
573,37.96875,-121.71875,37.96875_-121.71875
573,37.96875,-121.71875,37.96875_-121.71875
573,38.03125,-121.71875,38.03125_-121.71875
573,37.90625,-121.71875,37.90625_-121.71875
573,37.96875,-121.65625,37.96875_-121.65625
573,37.96875,-121.78125,37.96875_-121.78125
574,37.96875,-121.71875,37.96875_-121.71875
574,37.96875,-121.71875,37.96875_-121.71875
574,37.96875,-121.71875,37.96875_-121.71875
574,38.03125,-121.71875,38.03125_-121.71875
574,37.90625,-121.71875,37.90625_-121.71875
574,37.96875,-121.65625,37.96875_-121.65625
574,37.96875,-121.78125,37.96875_-121.78125
575,37.90625,-121.65625,37.90625_-121.65625
575,37.90625,-121.71875,37.90625_-121.71875
575,37.96875,-121.71875,37.96875_-121.71875
575,37.96875,-121.78125,37.96875_-121.78125
575,37.90625,-121.65625,37.90625_-121.65625
575,37.90625,-121.71875,37.90625_-121.71875
575,37.96875,-121.71875,37.96875_-121.71875
575,37.96875,-121.78125,37.96875_-121.78125
575,37.96875,-121.71875,37.96875_-121.71875
575,37.90625,-121.71875,37.90625_-121.71875
575,37.96875,-121.78125,37.96875_-121.78125
575,37.90625,-121.65625,37.90625_-121.65625
575,37.96875,-121.65625,37.96875_-121.65625
576,37.96875,-121.71875,37.96875_-121.71875
576,37.96875,-121.71875,37.96875_-121.71875
576,37.96875,-121.71875,37.96875_-121.71875
576,38.03125,-121.71875,38.03125_-121.71875
576,37.90625,-121.71875,37.90625_-121.71875
576,37.96875,-121.65625,37.96875_-121.65625
576,37.96875,-121.78125,37.96875_-121.78125
578,37.90625,-121.65625,37.90625_-121.65625
578,37.90625,-121.65625,37.90625_-121.65625
578,37.90625,-121.65625,37.90625_-121.65625
578,37.96875,-121.65625,37.96875_-121.65625
578,37.84375,-121.65625,37.84375_-121.65625
578,37.90625,-121.59375,37.90625_-121.59375
578,37.90625,-121.71875,37.90625_-121.71875
587,37.96875,-120.78125,37.96875_-120.78125
587,37.96875,-120.84375,37.96875_-120.84375
587,37.96875,-120.90625,37.96875_-120.90625
587,38.03125,-120.84375,38.03125_-120.84375
587,38.03125,-120.90625,38.03125_-120.90625
587,37.96875,-120.78125,37.96875_-120.78125
587,37.96875,-120.84375,37.96875_-120.84375
587,37.96875,-120.90625,37.96875_-120.90625
587,38.03125,-120.84375,38.03125_-120.84375
587,38.03125,-120.90625,38.03125_-120.90625
587,37.96875,-120.84375,37.96875_-120.84375
587,38.03125,-120.84375,38.03125_-120.84375
587,37.96875,-120.90625,37.96875_-120.90625
587,37.96875,-120.78125,37.96875_-120.78125
587,38.03125,-120.90625,38.03125_-120.90625
588,37.84375,-121.65625,37.84375_-121.65625
588,37.90625,-121.65625,37.90625_-121.65625
588,37.84375,-121.65625,37.84375_-121.65625
588,37.90625,-121.65625,37.90625_-121.65625
588,37.84375,-121.65625,37.84375_-121.65625
588,37.90625,-121.65625,37.90625_-121.65625
588,37.78125,-121.65625,37.78125_-121.65625
588,37.84375,-121.71875,37.84375_-121.71875
588,37.84375,-121.59375,37.84375_-121.59375
596,37.90625,-120.90625,37.90625_-120.90625
596,37.90625,-120.90625,37.90625_-120.90625
596,37.90625,-120.90625,37.90625_-120.90625
596,37.96875,-120.90625,37.96875_-120.90625
596,37.84375,-120.90625,37.84375_-120.90625
596,37.90625,-120.84375,37.90625_-120.84375
596,37.90625,-120.96875,37.90625_-120.96875
597,37.84375,-120.90625,37.84375_-120.90625
597,37.90625,-120.84375,37.90625_-120.84375
597,37.90625,-120.90625,37.90625_-120.90625
597,37.96875,-120.78125,37.96875_-120.78125
597,37.96875,-120.84375,37.96875_-120.84375
597,37.96875,-120.90625,37.96875_-120.90625
597,37.84375,-120.90625,37.84375_-120.90625
597,37.90625,-120.84375,37.90625_-120.84375
597,37.90625,-120.90625,37.90625_-120.90625
597,37.96875,-120.78125,37.96875_-120.78125
597,37.96875,-120.84375,37.96875_-120.84375
597,37.96875,-120.90625,37.96875_-120.90625
597,37.90625,-120.90625,37.90625_-120.90625
597,37.90625,-120.84375,37.90625_-120.84375
597,37.96875,-120.84375,37.96875_-120.84375
597,37.96875,-120.90625,37.96875_-120.90625
597,37.96875,-120.78125,37.96875_-120.78125
597,37.84375,-120.90625,37.84375_-120.90625
598,37.84375,-120.78125,37.84375_-120.78125
598,37.84375,-120.84375,37.84375_-120.84375
598,37.90625,-120.71875,37.90625_-120.71875
598,37.90625,-120.78125,37.90625_-120.78125
598,37.90625,-120.84375,37.90625_-120.84375
598,37.96875,-120.78125,37.96875_-120.78125
598,37.96875,-120.84375,37.96875_-120.84375
598,37.84375,-120.78125,37.84375_-120.78125
598,37.84375,-120.84375,37.84375_-120.84375
598,37.90625,-120.71875,37.90625_-120.71875
598,37.90625,-120.78125,37.90625_-120.78125
598,37.90625,-120.84375,37.90625_-120.84375
598,37.96875,-120.78125,37.96875_-120.78125
598,37.96875,-120.84375,37.96875_-120.84375
598,37.90625,-120.78125,37.90625_-120.78125
598,37.90625,-120.84375,37.90625_-120.84375
598,37.96875,-120.78125,37.96875_-120.78125
598,37.84375,-120.78125,37.84375_-120.78125
598,37.96875,-120.84375,37.96875_-120.84375
598,37.84375,-120.84375,37.84375_-120.84375
598,37.90625,-120.71875,37.90625_-120.71875
601,37.84375,-120.84375,37.84375_-120.84375
601,37.84375,-120.90625,37.84375_-120.90625
601,37.90625,-120.84375,37.90625_-120.84375
601,37.90625,-120.90625,37.90625_-120.90625
601,37.84375,-120.84375,37.84375_-120.84375
601,37.84375,-120.90625,37.84375_-120.90625
601,37.90625,-120.84375,37.90625_-120.84375
601,37.90625,-120.90625,37.90625_-120.90625
601,37.84375,-120.90625,37.84375_-120.90625
601,37.84375,-120.84375,37.84375_-120.84375
601,37.90625,-120.84375,37.90625_-120.84375
601,37.90625,-120.90625,37.90625_-120.90625
601,37.84375,-120.96875,37.84375_-120.96875
602,37.84375,-120.78125,37.84375_-120.78125
602,37.84375,-120.84375,37.84375_-120.84375
602,37.90625,-120.84375,37.90625_-120.84375
602,37.84375,-120.78125,37.84375_-120.78125
602,37.84375,-120.84375,37.84375_-120.84375
602,37.90625,-120.84375,37.90625_-120.84375
602,37.84375,-120.78125,37.84375_-120.78125
602,37.84375,-120.84375,37.84375_-120.84375
602,37.90625,-120.84375,37.90625_-120.84375
602,37.84375,-120.71875,37.84375_-120.71875
602,37.90625,-120.78125,37.90625_-120.78125
603,37.84375,-120.71875,37.84375_-120.71875
603,37.84375,-120.78125,37.84375_-120.78125
603,37.90625,-120.71875,37.90625_-120.71875
603,37.90625,-120.78125,37.90625_-120.78125
603,37.84375,-120.71875,37.84375_-120.71875
603,37.84375,-120.78125,37.84375_-120.78125
603,37.90625,-120.71875,37.90625_-120.71875
603,37.90625,-120.78125,37.90625_-120.78125
603,37.90625,-120.71875,37.90625_-120.71875
603,37.84375,-120.71875,37.84375_-120.71875
603,37.84375,-120.78125,37.84375_-120.78125
603,37.90625,-120.78125,37.90625_-120.78125
603,37.90625,-120.65625,37.90625_-120.65625
604,37.84375,-121.59375,37.84375_-121.59375
604,37.71875,-121.59375,37.71875_-121.59375
604,37.78125,-121.59375,37.78125_-121.59375
604,37.84375,-121.59375,37.84375_-121.59375
604,37.71875,-121.59375,37.71875_-121.59375
604,37.78125,-121.59375,37.78125_-121.59375
604,37.78125,-121.59375,37.78125_-121.59375
604,37.71875,-121.59375,37.71875_-121.59375
604,37.84375,-121.59375,37.84375_-121.59375
604,37.78125,-121.53125,37.78125_-121.53125
604,37.78125,-121.65625,37.78125_-121.65625
615,37.84375,-120.78125,37.84375_-120.78125
615,37.84375,-120.78125,37.84375_-120.78125
615,37.84375,-120.78125,37.84375_-120.78125
615,37.90625,-120.78125,37.90625_-120.78125
615,37.78125,-120.78125,37.78125_-120.78125
615,37.84375,-120.71875,37.84375_-120.71875
615,37.84375,-120.84375,37.84375_-120.84375
616,37.84375,-120.71875,37.84375_-120.71875
616,37.84375,-120.78125,37.84375_-120.78125
616,37.84375,-120.71875,37.84375_-120.71875
616,37.84375,-120.78125,37.84375_-120.78125
616,37.84375,-120.78125,37.84375_-120.78125
616,37.84375,-120.71875,37.84375_-120.71875
616,37.90625,-120.78125,37.90625_-120.78125
616,37.78125,-120.78125,37.78125_-120.78125
616,37.84375,-120.84375,37.84375_-120.84375
617,37.84375,-120.65625,37.84375_-120.65625
617,37.84375,-120.71875,37.84375_-120.71875
617,37.84375,-120.78125,37.84375_-120.78125
617,37.84375,-120.65625,37.84375_-120.65625
617,37.84375,-120.71875,37.84375_-120.71875
617,37.84375,-120.78125,37.84375_-120.78125
617,37.84375,-120.71875,37.84375_-120.71875
617,37.84375,-120.65625,37.84375_-120.65625
617,37.84375,-120.78125,37.84375_-120.78125
617,37.90625,-120.71875,37.90625_-120.71875
617,37.78125,-120.71875,37.78125_-120.71875
618,37.65625,-121.53125,37.65625_-121.53125
618,37.71875,-121.53125,37.71875_-121.53125
618,37.71875,-121.59375,37.71875_-121.59375
618,37.65625,-121.53125,37.65625_-121.53125
618,37.71875,-121.53125,37.71875_-121.53125
618,37.71875,-121.59375,37.71875_-121.59375
618,37.71875,-121.53125,37.71875_-121.53125
618,37.71875,-121.59375,37.71875_-121.59375
618,37.65625,-121.53125,37.65625_-121.53125
618,37.71875,-121.46875,37.71875_-121.46875
618,37.78125,-121.53125,37.78125_-121.53125
622,37.65625,-121.46875,37.65625_-121.46875
622,37.65625,-121.53125,37.65625_-121.53125
622,37.71875,-121.46875,37.71875_-121.46875
622,37.71875,-121.53125,37.71875_-121.53125
622,37.65625,-121.46875,37.65625_-121.46875
622,37.65625,-121.53125,37.65625_-121.53125
622,37.71875,-121.46875,37.71875_-121.46875
622,37.71875,-121.53125,37.71875_-121.53125
622,37.65625,-121.46875,37.65625_-121.46875
622,37.65625,-121.53125,37.65625_-121.53125
622,37.71875,-121.46875,37.71875_-121.46875
622,37.71875,-121.53125,37.71875_-121.53125
622,37.65625,-121.40625,37.65625_-121.40625
623,37.59375,-121.40625,37.59375_-121.40625
623,37.65625,-121.40625,37.65625_-121.40625
623,37.65625,-121.46875,37.65625_-121.46875
623,37.59375,-121.40625,37.59375_-121.40625
623,37.65625,-121.40625,37.65625_-121.40625
623,37.65625,-121.46875,37.65625_-121.46875
623,37.65625,-121.40625,37.65625_-121.40625
623,37.65625,-121.46875,37.65625_-121.46875
623,37.59375,-121.40625,37.59375_-121.40625
623,37.65625,-121.34375,37.65625_-121.34375
623,37.71875,-121.40625,37.71875_-121.40625
624,37.59375,-121.40625,37.59375_-121.40625
624,37.65625,-121.40625,37.65625_-121.40625
624,37.59375,-121.40625,37.59375_-121.40625
624,37.65625,-121.40625,37.65625_-121.40625
624,37.65625,-121.40625,37.65625_-121.40625
624,37.59375,-121.40625,37.59375_-121.40625
624,37.71875,-121.40625,37.71875_-121.40625
624,37.65625,-121.46875,37.65625_-121.46875
624,37.65625,-121.34375,37.65625_-121.34375
633,37.84375,-120.65625,37.84375_-120.65625
633,37.78125,-120.59375,37.78125_-120.59375
633,37.78125,-120.65625,37.78125_-120.65625
633,37.84375,-120.65625,37.84375_-120.65625
633,37.78125,-120.59375,37.78125_-120.59375
633,37.78125,-120.65625,37.78125_-120.65625
633,37.78125,-120.65625,37.78125_-120.65625
633,37.78125,-120.59375,37.78125_-120.59375
633,37.84375,-120.65625,37.84375_-120.65625
633,37.78125,-120.71875,37.78125_-120.71875
633,37.71875,-120.65625,37.71875_-120.65625
634,37.53125,-121.28125,37.53125_-121.28125
634,37.53125,-121.28125,37.53125_-121.28125
634,37.53125,-121.28125,37.53125_-121.28125
634,37.59375,-121.28125,37.59375_-121.28125
634,37.46875,-121.28125,37.46875_-121.28125
634,37.53125,-121.21875,37.53125_-121.21875
634,37.53125,-121.34375,37.53125_-121.34375
643,37.78125,-120.59375,37.78125_-120.59375
643,37.78125,-120.59375,37.78125_-120.59375
643,37.78125,-120.59375,37.78125_-120.59375
643,37.84375,-120.59375,37.84375_-120.59375
643,37.71875,-120.59375,37.71875_-120.59375
643,37.78125,-120.53125,37.78125_-120.53125
643,37.78125,-120.65625,37.78125_-120.65625
644,37.46875,-121.21875,37.46875_-121.21875
644,37.53125,-121.21875,37.53125_-121.21875
644,37.53125,-121.28125,37.53125_-121.28125
644,37.46875,-121.21875,37.46875_-121.21875
644,37.53125,-121.21875,37.53125_-121.21875
644,37.53125,-121.28125,37.53125_-121.28125
644,37.53125,-121.28125,37.53125_-121.28125
644,37.46875,-121.21875,37.46875_-121.21875
644,37.53125,-121.21875,37.53125_-121.21875
644,37.53125,-121.34375,37.53125_-121.34375
644,37.59375,-121.28125,37.59375_-121.28125
660,37.46875,-121.21875,37.46875_-121.21875
660,37.46875,-121.21875,37.46875_-121.21875
660,37.46875,-121.21875,37.46875_-121.21875
660,37.53125,-121.21875,37.53125_-121.21875
660,37.40625,-121.21875,37.40625_-121.21875
660,37.46875,-121.15625,37.46875_-121.15625
660,37.46875,-121.28125,37.46875_-121.28125
669,37.59375,-120.46875,37.59375_-120.46875
669,37.65625,-120.40625,37.65625_-120.40625
669,37.65625,-120.46875,37.65625_-120.46875
669,37.59375,-120.46875,37.59375_-120.46875
669,37.65625,-120.40625,37.65625_-120.40625
669,37.65625,-120.46875,37.65625_-120.46875
669,37.65625,-120.46875,37.65625_-120.46875
669,37.65625,-120.40625,37.65625_-120.40625
669,37.59375,-120.46875,37.59375_-120.46875
669,37.65625,-120.53125,37.65625_-120.53125
669,37.71875,-120.46875,37.71875_-120.46875
670,37.46875,-121.15625,37.46875_-121.15625
670,37.46875,-121.21875,37.46875_-121.21875
670,37.46875,-121.15625,37.46875_-121.15625
670,37.46875,-121.21875,37.46875_-121.21875
670,37.46875,-121.15625,37.46875_-121.15625
670,37.46875,-121.21875,37.46875_-121.21875
670,37.53125,-121.15625,37.53125_-121.15625
670,37.40625,-121.15625,37.40625_-121.15625
670,37.46875,-121.09375,37.46875_-121.09375
679,37.59375,-120.40625,37.59375_-120.40625
679,37.59375,-120.46875,37.59375_-120.46875
679,37.65625,-120.40625,37.65625_-120.40625
679,37.65625,-120.46875,37.65625_-120.46875
679,37.59375,-120.40625,37.59375_-120.40625
679,37.59375,-120.46875,37.59375_-120.46875
679,37.65625,-120.40625,37.65625_-120.40625
679,37.65625,-120.46875,37.65625_-120.46875
679,37.59375,-120.40625,37.59375_-120.40625
679,37.59375,-120.46875,37.59375_-120.46875
679,37.65625,-120.40625,37.65625_-120.40625
679,37.65625,-120.46875,37.65625_-120.46875
679,37.59375,-120.34375,37.59375_-120.34375
682,37.28125,-121.15625,37.28125_-121.15625
682,37.34375,-121.15625,37.34375_-121.15625
682,37.28125,-121.15625,37.28125_-121.15625
682,37.34375,-121.15625,37.34375_-121.15625
682,37.34375,-121.15625,37.34375_-121.15625
682,37.28125,-121.15625,37.28125_-121.15625
682,37.40625,-121.15625,37.40625_-121.15625
682,37.34375,-121.21875,37.34375_-121.21875
682,37.34375,-121.09375,37.34375_-121.09375
692,37.28125,-121.15625,37.28125_-121.15625
692,37.28125,-121.15625,37.28125_-121.15625
692,37.28125,-121.15625,37.28125_-121.15625
692,37.34375,-121.15625,37.34375_-121.15625
692,37.21875,-121.15625,37.21875_-121.15625
692,37.28125,-121.09375,37.28125_-121.09375
692,37.28125,-121.21875,37.28125_-121.21875
710,37.46875,-120.34375,37.46875_-120.34375
710,37.46875,-120.34375,37.46875_-120.34375
710,37.46875,-120.34375,37.46875_-120.34375
710,37.53125,-120.34375,37.53125_-120.34375
710,37.40625,-120.34375,37.40625_-120.34375
710,37.46875,-120.28125,37.46875_-120.28125
710,37.46875,-120.40625,37.46875_-120.40625
711,37.28125,-121.09375,37.28125_-121.09375
711,37.28125,-121.15625,37.28125_-121.15625
711,37.28125,-121.09375,37.28125_-121.09375
711,37.28125,-121.15625,37.28125_-121.15625
711,37.28125,-121.09375,37.28125_-121.09375
711,37.28125,-121.15625,37.28125_-121.15625
711,37.34375,-121.09375,37.34375_-121.09375
711,37.21875,-121.09375,37.21875_-121.09375
711,37.28125,-121.03125,37.28125_-121.03125
722,37.40625,-120.28125,37.40625_-120.28125
722,37.40625,-120.34375,37.40625_-120.34375
722,37.46875,-120.28125,37.46875_-120.28125
722,37.46875,-120.34375,37.46875_-120.34375
722,37.40625,-120.28125,37.40625_-120.28125
722,37.40625,-120.34375,37.40625_-120.34375
722,37.46875,-120.28125,37.46875_-120.28125
722,37.46875,-120.34375,37.46875_-120.34375
722,37.40625,-120.34375,37.40625_-120.34375
722,37.40625,-120.28125,37.40625_-120.28125
722,37.46875,-120.34375,37.46875_-120.34375
722,37.46875,-120.28125,37.46875_-120.28125
722,37.40625,-120.40625,37.40625_-120.40625
723,37.15625,-121.09375,37.15625_-121.09375
723,37.21875,-121.09375,37.21875_-121.09375
723,37.15625,-121.09375,37.15625_-121.09375
723,37.21875,-121.09375,37.21875_-121.09375
723,37.21875,-121.09375,37.21875_-121.09375
723,37.15625,-121.09375,37.15625_-121.09375
723,37.28125,-121.09375,37.28125_-121.09375
723,37.21875,-121.15625,37.21875_-121.15625
723,37.21875,-121.03125,37.21875_-121.03125
737,37.40625,-120.28125,37.40625_-120.28125
737,37.40625,-120.34375,37.40625_-120.34375
737,37.40625,-120.28125,37.40625_-120.28125
737,37.40625,-120.34375,37.40625_-120.34375
737,37.40625,-120.28125,37.40625_-120.28125
737,37.40625,-120.34375,37.40625_-120.34375
737,37.46875,-120.28125,37.46875_-120.28125
737,37.34375,-120.28125,37.34375_-120.28125
737,37.40625,-120.21875,37.40625_-120.21875
741,37.40625,-120.28125,37.40625_-120.28125
741,37.40625,-120.28125,37.40625_-120.28125
741,37.40625,-120.28125,37.40625_-120.28125
741,37.46875,-120.28125,37.46875_-120.28125
741,37.34375,-120.28125,37.34375_-120.28125
741,37.40625,-120.21875,37.40625_-120.21875
741,37.40625,-120.34375,37.40625_-120.34375
748,37.09375,-121.03125,37.09375_-121.03125
748,37.15625,-121.03125,37.15625_-121.03125
748,37.15625,-121.09375,37.15625_-121.09375
748,37.09375,-121.03125,37.09375_-121.03125
748,37.15625,-121.03125,37.15625_-121.03125
748,37.15625,-121.09375,37.15625_-121.09375
748,37.15625,-121.09375,37.15625_-121.09375
748,37.15625,-121.03125,37.15625_-121.03125
748,37.09375,-121.03125,37.09375_-121.03125
748,37.15625,-121.15625,37.15625_-121.15625
748,37.21875,-121.09375,37.21875_-121.09375
761,37.21875,-120.15625,37.21875_-120.15625
761,37.21875,-120.15625,37.21875_-120.15625
761,37.21875,-120.15625,37.21875_-120.15625
761,37.28125,-120.15625,37.28125_-120.15625
761,37.15625,-120.15625,37.15625_-120.15625
761,37.21875,-120.09375,37.21875_-120.09375
761,37.21875,-120.21875,37.21875_-120.21875
772,37.21875,-120.09375,37.21875_-120.09375
772,37.21875,-120.09375,37.21875_-120.09375
772,37.21875,-120.09375,37.21875_-120.09375
772,37.28125,-120.09375,37.28125_-120.09375
772,37.15625,-120.09375,37.15625_-120.09375
772,37.21875,-120.03125,37.21875_-120.03125
772,37.21875,-120.15625,37.21875_-120.15625
777,36.96875,-120.90625,36.96875_-120.90625
777,36.96875,-120.90625,36.96875_-120.90625
777,36.96875,-120.90625,36.96875_-120.90625
777,37.03125,-120.90625,37.03125_-120.90625
777,36.90625,-120.90625,36.90625_-120.90625
777,36.96875,-120.84375,36.96875_-120.84375
777,36.96875,-120.96875,36.96875_-120.96875
790,37.15625,-120.09375,37.15625_-120.09375
790,37.21875,-120.09375,37.21875_-120.09375
790,37.15625,-120.09375,37.15625_-120.09375
790,37.21875,-120.09375,37.21875_-120.09375
790,37.15625,-120.09375,37.15625_-120.09375
790,37.21875,-120.09375,37.21875_-120.09375
790,37.09375,-120.09375,37.09375_-120.09375
790,37.15625,-120.15625,37.15625_-120.15625
790,37.15625,-120.03125,37.15625_-120.03125
793,36.96875,-120.84375,36.96875_-120.84375
793,36.96875,-120.84375,36.96875_-120.84375
793,36.96875,-120.84375,36.96875_-120.84375
793,37.03125,-120.84375,37.03125_-120.84375
793,36.90625,-120.84375,36.90625_-120.84375
793,36.96875,-120.78125,36.96875_-120.78125
793,36.96875,-120.90625,36.96875_-120.90625
796,36.90625,-120.78125,36.90625_-120.78125
796,36.90625,-120.84375,36.90625_-120.84375
796,36.96875,-120.84375,36.96875_-120.84375
796,36.90625,-120.78125,36.90625_-120.78125
796,36.90625,-120.84375,36.90625_-120.84375
796,36.96875,-120.84375,36.96875_-120.84375
796,36.90625,-120.84375,36.90625_-120.84375
796,36.96875,-120.84375,36.96875_-120.84375
796,36.90625,-120.78125,36.90625_-120.78125
796,36.90625,-120.90625,36.90625_-120.90625
796,36.84375,-120.84375,36.84375_-120.84375
822,37.09375,-119.96875,37.09375_-119.96875
822,37.15625,-119.96875,37.15625_-119.96875
822,37.15625,-120.03125,37.15625_-120.03125
822,37.09375,-119.96875,37.09375_-119.96875
822,37.15625,-119.96875,37.15625_-119.96875
822,37.15625,-120.03125,37.15625_-120.03125
822,37.09375,-119.96875,37.09375_-119.96875
822,37.15625,-119.96875,37.15625_-119.96875
822,37.15625,-120.03125,37.15625_-120.03125
822,37.09375,-119.90625,37.09375_-119.90625
822,37.09375,-120.03125,37.09375_-120.03125
827,37.09375,-119.90625,37.09375_-119.90625
827,37.09375,-119.96875,37.09375_-119.96875
827,37.03125,-119.90625,37.03125_-119.90625
827,37.09375,-119.90625,37.09375_-119.90625
827,37.09375,-119.96875,37.09375_-119.96875
827,37.03125,-119.90625,37.03125_-119.90625
827,37.09375,-119.96875,37.09375_-119.96875
827,37.09375,-119.90625,37.09375_-119.90625
827,37.03125,-119.90625,37.03125_-119.90625
827,37.09375,-120.03125,37.09375_-120.03125
827,37.15625,-119.96875,37.15625_-119.96875
828,36.78125,-120.78125,36.78125_-120.78125
828,36.84375,-120.78125,36.84375_-120.78125
828,36.84375,-120.84375,36.84375_-120.84375
828,36.90625,-120.78125,36.90625_-120.78125
828,36.90625,-120.84375,36.90625_-120.84375
828,36.78125,-120.78125,36.78125_-120.78125
828,36.84375,-120.78125,36.84375_-120.78125
828,36.84375,-120.84375,36.84375_-120.84375
828,36.90625,-120.78125,36.90625_-120.78125
828,36.90625,-120.84375,36.90625_-120.84375
828,36.84375,-120.78125,36.84375_-120.78125
828,36.90625,-120.78125,36.90625_-120.78125
828,36.90625,-120.84375,36.90625_-120.84375
828,36.78125,-120.78125,36.78125_-120.78125
828,36.84375,-120.84375,36.84375_-120.84375
839,37.03125,-119.84375,37.03125_-119.84375
839,37.03125,-119.90625,37.03125_-119.90625
839,37.03125,-119.84375,37.03125_-119.84375
839,37.03125,-119.90625,37.03125_-119.90625
839,37.03125,-119.90625,37.03125_-119.90625
839,37.03125,-119.84375,37.03125_-119.84375
839,37.09375,-119.90625,37.09375_-119.90625
839,36.96875,-119.90625,36.96875_-119.90625
839,37.03125,-119.96875,37.03125_-119.96875
840,36.71875,-120.71875,36.71875_-120.71875
840,36.71875,-120.78125,36.71875_-120.78125
840,36.71875,-120.84375,36.71875_-120.84375
840,36.71875,-120.90625,36.71875_-120.90625
840,36.78125,-120.71875,36.78125_-120.71875
840,36.78125,-120.78125,36.78125_-120.78125
840,36.78125,-120.84375,36.78125_-120.84375
840,36.78125,-120.90625,36.78125_-120.90625
840,36.71875,-120.71875,36.71875_-120.71875
840,36.71875,-120.78125,36.71875_-120.78125
840,36.71875,-120.84375,36.71875_-120.84375
840,36.71875,-120.90625,36.71875_-120.90625
840,36.78125,-120.71875,36.78125_-120.71875
840,36.78125,-120.78125,36.78125_-120.78125
840,36.78125,-120.84375,36.78125_-120.84375
840,36.78125,-120.90625,36.78125_-120.90625
840,36.78125,-120.78125,36.78125_-120.78125
840,36.78125,-120.84375,36.78125_-120.84375
840,36.71875,-120.84375,36.71875_-120.84375
840,36.71875,-120.78125,36.71875_-120.78125
840,36.78125,-120.90625,36.78125_-120.90625
840,36.71875,-120.90625,36.71875_-120.90625
840,36.78125,-120.71875,36.78125_-120.71875
840,36.71875,-120.71875,36.71875_-120.71875
841,36.71875,-120.71875,36.71875_-120.71875
841,36.78125,-120.71875,36.78125_-120.71875
841,36.78125,-120.78125,36.78125_-120.78125
841,36.71875,-120.71875,36.71875_-120.71875
841,36.78125,-120.71875,36.78125_-120.71875
841,36.78125,-120.78125,36.78125_-120.78125
841,36.78125,-120.71875,36.78125_-120.71875
841,36.78125,-120.78125,36.78125_-120.78125
841,36.71875,-120.71875,36.71875_-120.71875
841,36.78125,-120.65625,36.78125_-120.65625
841,36.84375,-120.71875,36.84375_-120.71875
842,36.78125,-120.78125,36.78125_-120.78125
842,36.78125,-120.78125,36.78125_-120.78125
842,36.78125,-120.78125,36.78125_-120.78125
842,36.84375,-120.78125,36.84375_-120.78125
842,36.71875,-120.78125,36.71875_-120.78125
842,36.78125,-120.71875,36.78125_-120.71875
842,36.78125,-120.84375,36.78125_-120.84375
857,37.03125,-119.84375,37.03125_-119.84375
857,37.03125,-119.84375,37.03125_-119.84375
857,37.03125,-119.84375,37.03125_-119.84375
857,37.09375,-119.84375,37.09375_-119.84375
857,36.96875,-119.84375,36.96875_-119.84375
857,37.03125,-119.78125,37.03125_-119.78125
857,37.03125,-119.90625,37.03125_-119.90625
858,36.71875,-120.71875,36.71875_-120.71875
858,36.78125,-120.71875,36.78125_-120.71875
858,36.65625,-120.71875,36.65625_-120.71875
858,36.71875,-120.71875,36.71875_-120.71875
858,36.78125,-120.71875,36.78125_-120.71875
858,36.65625,-120.71875,36.65625_-120.71875
858,36.71875,-120.71875,36.71875_-120.71875
858,36.78125,-120.71875,36.78125_-120.71875
858,36.65625,-120.71875,36.65625_-120.71875
858,36.71875,-120.65625,36.71875_-120.65625
858,36.71875,-120.78125,36.71875_-120.78125
861,36.65625,-120.65625,36.65625_-120.65625
861,36.65625,-120.65625,36.65625_-120.65625
861,36.65625,-120.65625,36.65625_-120.65625
861,36.71875,-120.65625,36.71875_-120.65625
861,36.59375,-120.65625,36.59375_-120.65625
861,36.65625,-120.59375,36.65625_-120.59375
861,36.65625,-120.71875,36.65625_-120.71875
865,36.65625,-120.65625,36.65625_-120.65625
865,36.65625,-120.65625,36.65625_-120.65625
865,36.65625,-120.65625,36.65625_-120.65625
865,36.71875,-120.65625,36.71875_-120.65625
865,36.59375,-120.65625,36.59375_-120.65625
865,36.65625,-120.59375,36.65625_-120.59375
865,36.65625,-120.71875,36.65625_-120.71875
881,36.59375,-120.65625,36.59375_-120.65625
881,36.65625,-120.65625,36.65625_-120.65625
881,36.59375,-120.65625,36.59375_-120.65625
881,36.65625,-120.65625,36.65625_-120.65625
881,36.59375,-120.65625,36.59375_-120.65625
881,36.65625,-120.65625,36.65625_-120.65625
881,36.53125,-120.65625,36.53125_-120.65625
881,36.59375,-120.71875,36.59375_-120.71875
881,36.59375,-120.59375,36.59375_-120.59375
896,36.59375,-120.59375,36.59375_-120.59375
896,36.59375,-120.59375,36.59375_-120.59375
896,36.59375,-120.59375,36.59375_-120.59375
896,36.65625,-120.59375,36.65625_-120.59375
896,36.53125,-120.59375,36.53125_-120.59375
896,36.59375,-120.53125,36.59375_-120.53125
896,36.59375,-120.65625,36.59375_-120.65625
902,36.59375,-120.59375,36.59375_-120.59375
902,36.59375,-120.59375,36.59375_-120.59375
902,36.59375,-120.59375,36.59375_-120.59375
902,36.65625,-120.59375,36.65625_-120.59375
902,36.53125,-120.59375,36.53125_-120.59375
902,36.59375,-120.53125,36.59375_-120.53125
902,36.59375,-120.65625,36.59375_-120.65625
917,36.46875,-120.53125,36.46875_-120.53125
917,36.53125,-120.53125,36.53125_-120.53125
917,36.46875,-120.53125,36.46875_-120.53125
917,36.53125,-120.53125,36.53125_-120.53125
917,36.53125,-120.53125,36.53125_-120.53125
917,36.46875,-120.53125,36.46875_-120.53125
917,36.59375,-120.53125,36.59375_-120.53125
917,36.53125,-120.59375,36.53125_-120.59375
917,36.53125,-120.46875,36.53125_-120.46875
934,36.46875,-120.46875,36.46875_-120.46875
934,36.46875,-120.53125,36.46875_-120.53125
934,36.53125,-120.53125,36.53125_-120.53125
934,36.46875,-120.46875,36.46875_-120.46875
934,36.46875,-120.53125,36.46875_-120.53125
934,36.53125,-120.53125,36.53125_-120.53125
934,36.46875,-120.53125,36.46875_-120.53125
934,36.46875,-120.46875,36.46875_-120.46875
934,36.53125,-120.53125,36.53125_-120.53125
934,36.46875,-120.59375,36.46875_-120.59375
934,36.40625,-120.53125,36.40625_-120.53125
958,36.34375,-120.40625,36.34375_-120.40625
958,36.34375,-120.40625,36.34375_-120.40625
958,36.34375,-120.40625,36.34375_-120.40625
958,36.40625,-120.40625,36.40625_-120.40625
958,36.28125,-120.40625,36.28125_-120.40625
958,36.34375,-120.34375,36.34375_-120.34375
958,36.34375,-120.46875,36.34375_-120.46875
1006,36.09375,-120.15625,36.09375_-120.15625
1006,36.09375,-120.21875,36.09375_-120.21875
1006,36.09375,-120.28125,36.09375_-120.28125
1006,36.03125,-120.21875,36.03125_-120.21875
1006,36.03125,-120.28125,36.03125_-120.28125
1006,36.09375,-120.15625,36.09375_-120.15625
1006,36.09375,-120.21875,36.09375_-120.21875
1006,36.09375,-120.28125,36.09375_-120.28125
1006,36.03125,-120.21875,36.03125_-120.21875
1006,36.03125,-120.28125,36.03125_-120.28125
1006,36.09375,-120.21875,36.09375_-120.21875
1006,36.09375,-120.15625,36.09375_-120.15625
1006,36.03125,-120.21875,36.03125_-120.21875
1006,36.09375,-120.28125,36.09375_-120.28125
1006,36.03125,-120.28125,36.03125_-120.28125
1035,36.09375,-120.15625,36.09375_-120.15625
1035,36.09375,-120.15625,36.09375_-120.15625
1035,36.09375,-120.15625,36.09375_-120.15625
1035,36.15625,-120.15625,36.15625_-120.15625
1035,36.03125,-120.15625,36.03125_-120.15625
1035,36.09375,-120.09375,36.09375_-120.09375
1035,36.09375,-120.21875,36.09375_-120.21875
1050,36.09375,-120.15625,36.09375_-120.15625
1050,36.09375,-120.15625,36.09375_-120.15625
1050,36.09375,-120.15625,36.09375_-120.15625
1050,36.15625,-120.15625,36.15625_-120.15625
1050,36.03125,-120.15625,36.03125_-120.15625
1050,36.09375,-120.09375,36.09375_-120.09375
1050,36.09375,-120.21875,36.09375_-120.21875
