CalSim,Matched_inflow,Year,Month,vic_val,qmap_preAdj,qmap_postAdj
UNIMP_SJ,I_MLRTN,1921,10,14.239097044535216,23.71757993138718,23.71757993138718
UNIMP_SJ,I_MLRTN,1921,11,9.272459500655788,14.496900252846402,14.496900252846402
UNIMP_SJ,I_MLRTN,1921,12,6.116791642535573,9.11585700779927,9.11585700779927
UNIMP_SJ,I_MLRTN,1922,1,6.443012088721545,9.787031553176073,9.787031553176073
UNIMP_SJ,I_MLRTN,1922,2,6.743405826844966,8.171258111718243,8.171258111718243
UNIMP_SJ,I_MLRTN,1922,3,20.367856189337623,18.790480514894323,18.790480514894323
UNIMP_SJ,I_MLRTN,1922,4,32.4205062754379,24.210688188911206,24.210688188911206
UNIMP_SJ,I_MLRTN,1922,5,24.95094483002813,45.0093272000922,45.0093272000922
UNIMP_SJ,I_MLRTN,1922,6,6.839055734271296,6.0651480477024755,6.0651480477024755
UNIMP_SJ,I_MLRTN,1922,7,3.910480995713604,13.829180119490442,13.829180119490442
UNIMP_SJ,I_MLRTN,1922,8,3.5272962878196665,12.650360452148618,12.650360452148618
UNIMP_SJ,I_MLRTN,1922,9,3.025547290590421,5.393788318234256,5.393788318234256
UNIMP_SJ,I_MLRTN,1922,10,3.87762618236165,8.337549990412466,8.337549990412466
UNIMP_SJ,I_MLRTN,1922,11,11.573337086856425,16.410490702070117,16.410490702070117
UNIMP_SJ,I_MLRTN,1922,12,59.602385569666126,70.46056975523545,70.46056975523545
UNIMP_SJ,I_MLRTN,1923,1,223.21829561704428,159.0241068949281,159.0241068949281
UNIMP_SJ,I_MLRTN,1923,2,340.4399914261372,233.87690100983937,233.87690100983937
UNIMP_SJ,I_MLRTN,1923,3,465.9909855229615,329.5208209876488,329.5208209876488
UNIMP_SJ,I_MLRTN,1923,4,325.7920682594418,289.7946615329035,289.7946615329035
UNIMP_SJ,I_MLRTN,1923,5,641.3412279633711,592.4270999418204,592.4270999418204
UNIMP_SJ,I_MLRTN,1923,6,1031.0444888781526,875.1564390809206,875.1564390809206
UNIMP_SJ,I_MLRTN,1923,7,281.36947753483514,335.8011231990388,335.8011231990388
UNIMP_SJ,I_MLRTN,1923,8,39.01349111600365,136.5362361277777,136.5362361277777
UNIMP_SJ,I_MLRTN,1923,9,29.40986568112477,82.25325099395762,82.25325099395762
UNIMP_SJ,I_MLRTN,1923,10,6.6239059871453705,13.240462559795127,13.240462559795127
UNIMP_SJ,I_MLRTN,1923,11,15.581142659268584,21.73170455047259,21.73170455047259
UNIMP_SJ,I_MLRTN,1923,12,25.09718278495591,36.24327850052081,36.24327850052081
UNIMP_SJ,I_MLRTN,1924,1,65.14510612087297,73.64008363801369,73.64008363801369
UNIMP_SJ,I_MLRTN,1924,2,81.22621804113385,84.41307305779868,84.41307305779868
UNIMP_SJ,I_MLRTN,1924,3,249.82141359183424,187.59234756436308,187.59234756436308
UNIMP_SJ,I_MLRTN,1924,4,358.3267038710049,322.19352617861193,322.19352617861193
UNIMP_SJ,I_MLRTN,1924,5,489.6252486288528,491.6453296923207,491.6453296923207
UNIMP_SJ,I_MLRTN,1924,6,324.42187253166736,347.8720879658604,347.8720879658604
UNIMP_SJ,I_MLRTN,1924,7,32.138799601121924,127.78874890495617,127.78874890495617
UNIMP_SJ,I_MLRTN,1924,8,4.512612974908389,25.45731309510358,25.45731309510358
UNIMP_SJ,I_MLRTN,1924,9,3.6635851810687967,11.447939226162891,11.447939226162891
UNIMP_SJ,I_MLRTN,1924,10,6.01626109745535,12.413986042754914,12.413986042754914
UNIMP_SJ,I_MLRTN,1924,11,17.120870379767673,22.13146120271857,22.13146120271857
UNIMP_SJ,I_MLRTN,1924,12,16.063703667263113,26.047439759715363,26.047439759715363
UNIMP_SJ,I_MLRTN,1925,1,69.22557167283038,75.42230890105002,75.42230890105002
UNIMP_SJ,I_MLRTN,1925,2,47.1102986209145,54.72738836658503,54.72738836658503
UNIMP_SJ,I_MLRTN,1925,3,151.1485287471478,125.71017473630184,125.71017473630184
UNIMP_SJ,I_MLRTN,1925,4,284.4746569904857,275.34941829910815,275.34941829910815
UNIMP_SJ,I_MLRTN,1925,5,324.9279130828033,322.6257833540987,322.6257833540987
UNIMP_SJ,I_MLRTN,1925,6,1335.6457258527862,1494.267158893529,1494.267158893529
UNIMP_SJ,I_MLRTN,1925,7,478.646270516544,463.0843144073707,463.0843144073707
UNIMP_SJ,I_MLRTN,1925,8,58.00327624228776,158.57929853278463,158.57929853278463
UNIMP_SJ,I_MLRTN,1925,9,9.924163046302231,41.76711597111484,41.76711597111484
UNIMP_SJ,I_MLRTN,1925,10,6.920534830544874,13.389498024115948,13.389498024115948
UNIMP_SJ,I_MLRTN,1925,11,4.710944663989636,10.071606793647188,10.071606793647188
UNIMP_SJ,I_MLRTN,1925,12,13.250684346365375,18.178473717087904,18.178473717087904
UNIMP_SJ,I_MLRTN,1926,1,42.75994874553888,47.28918723775227,47.28918723775227
UNIMP_SJ,I_MLRTN,1926,2,10.40062412989639,8.171258111718243,8.171258111718243
UNIMP_SJ,I_MLRTN,1926,3,25.653364143031304,21.75633565658029,21.75633565658029
UNIMP_SJ,I_MLRTN,1926,4,42.39555737091777,33.09930139506831,33.09930139506831
UNIMP_SJ,I_MLRTN,1926,5,143.94228142032412,203.84506319596088,203.84506319596088
UNIMP_SJ,I_MLRTN,1926,6,309.227849747624,338.8881959596146,338.8881959596146
UNIMP_SJ,I_MLRTN,1926,7,208.5288128740472,316.8755580258972,316.8755580258972
UNIMP_SJ,I_MLRTN,1926,8,12.311564841983769,73.09381447148459,73.09381447148459
UNIMP_SJ,I_MLRTN,1926,9,4.147540809955859,14.489002670729427,14.489002670729427
UNIMP_SJ,I_MLRTN,1926,10,5.300677964113692,10.73283737669479,10.73283737669479
UNIMP_SJ,I_MLRTN,1926,11,18.74696309063817,26.046183785234028,26.046183785234028
UNIMP_SJ,I_MLRTN,1926,12,18.75456843180221,31.51539923577874,31.51539923577874
UNIMP_SJ,I_MLRTN,1927,1,53.60580829539021,62.572282840914475,62.572282840914475
UNIMP_SJ,I_MLRTN,1927,2,47.27932041696918,54.749753445493084,54.749753445493084
UNIMP_SJ,I_MLRTN,1927,3,159.3605306357838,126.06579335050519,126.06579335050519
UNIMP_SJ,I_MLRTN,1927,4,276.279976858734,255.35056169348354,255.35056169348354
UNIMP_SJ,I_MLRTN,1927,5,362.9913301248129,373.16017710972443,373.16017710972443
UNIMP_SJ,I_MLRTN,1927,6,670.4876523785342,571.0981883141945,571.0981883141945
UNIMP_SJ,I_MLRTN,1927,7,116.94901808300504,218.50187833242612,218.50187833242612
UNIMP_SJ,I_MLRTN,1927,8,7.727826780419613,60.195128007301776,60.195128007301776
UNIMP_SJ,I_MLRTN,1927,9,3.802726627950313,11.596157897708887,11.596157897708887
UNIMP_SJ,I_MLRTN,1927,10,3.4946608626955435,6.881113174673656,6.881113174673656
UNIMP_SJ,I_MLRTN,1927,11,26.96293606274338,34.02033134117186,34.02033134117186
UNIMP_SJ,I_MLRTN,1927,12,31.52986300173793,47.41481017446092,47.41481017446092
UNIMP_SJ,I_MLRTN,1928,1,12.677785352846197,15.411070807928152,15.411070807928152
UNIMP_SJ,I_MLRTN,1928,2,15.18906788398964,20.706085648992797,20.706085648992797
UNIMP_SJ,I_MLRTN,1928,3,29.263838965637127,23.78228007107503,23.78228007107503
UNIMP_SJ,I_MLRTN,1928,4,41.84543605558426,32.58872896795513,32.58872896795513
UNIMP_SJ,I_MLRTN,1928,5,157.5305786147531,213.4739983136829,213.4739983136829
UNIMP_SJ,I_MLRTN,1928,6,246.12857400673687,317.0753961169635,317.0753961169635
UNIMP_SJ,I_MLRTN,1928,7,27.633955689898837,116.2929902343913,116.2929902343913
UNIMP_SJ,I_MLRTN,1928,8,4.677492942442422,31.927251670167607,31.927251670167607
UNIMP_SJ,I_MLRTN,1928,9,3.5668732314948524,10.872556787501455,10.872556787501455
UNIMP_SJ,I_MLRTN,1928,10,4.731456774886016,10.100000381469727,10.100000381469727
UNIMP_SJ,I_MLRTN,1928,11,5.195297931747366,10.12444424876975,10.12444424876975
UNIMP_SJ,I_MLRTN,1928,12,441.14963509344665,316.12692402486607,316.12692402486607
UNIMP_SJ,I_MLRTN,1929,1,161.54206665016522,147.64842463974597,147.64842463974597
UNIMP_SJ,I_MLRTN,1929,2,364.7878153879763,241.87589741506264,241.87589741506264
UNIMP_SJ,I_MLRTN,1929,3,251.1939272666309,189.3014160346628,189.3014160346628
UNIMP_SJ,I_MLRTN,1929,4,387.4468166080088,347.90556269875896,347.90556269875896
UNIMP_SJ,I_MLRTN,1929,5,913.3249792473885,802.4550100139021,802.4550100139021
UNIMP_SJ,I_MLRTN,1929,6,336.3159869376412,350.1038408193267,350.1038408193267
UNIMP_SJ,I_MLRTN,1929,7,56.90550994387596,173.42770626406252,173.42770626406252
UNIMP_SJ,I_MLRTN,1929,8,8.40718480222106,67.87201260453287,67.87201260453287
UNIMP_SJ,I_MLRTN,1929,9,4.120606503790619,13.993029944754145,13.993029944754145
UNIMP_SJ,I_MLRTN,1929,10,4.028178603018447,9.446590756351373,9.446590756351373
UNIMP_SJ,I_MLRTN,1929,11,24.259483354102784,33.108526907802165,33.108526907802165
UNIMP_SJ,I_MLRTN,1929,12,26.43359672090212,40.84815555443504,40.84815555443504
UNIMP_SJ,I_MLRTN,1930,1,174.3324495115379,153.56700382934937,153.56700382934937
UNIMP_SJ,I_MLRTN,1930,2,199.3249972156599,136.46490268653503,136.46490268653503
UNIMP_SJ,I_MLRTN,1930,3,356.2360773439782,226.38216454610983,226.38216454610983
UNIMP_SJ,I_MLRTN,1930,4,307.2465920837858,275.8601329744761,275.8601329744761
UNIMP_SJ,I_MLRTN,1930,5,591.9805500628426,544.4694275420384,544.4694275420384
UNIMP_SJ,I_MLRTN,1930,6,595.9500890332995,549.0475698371907,549.0475698371907
UNIMP_SJ,I_MLRTN,1930,7,134.35196371857953,265.28312663427306,265.28312663427306
UNIMP_SJ,I_MLRTN,1930,8,7.785940962883879,60.96028391968358,60.96028391968358
UNIMP_SJ,I_MLRTN,1930,9,3.665172439675324,11.451781093233741,11.451781093233741
UNIMP_SJ,I_MLRTN,1930,10,4.975118648720258,10.612605661306178,10.612605661306178
UNIMP_SJ,I_MLRTN,1930,11,20.31690811484305,27.578087529372247,27.578087529372247
UNIMP_SJ,I_MLRTN,1930,12,62.08714762213644,71.99710609169779,71.99710609169779
UNIMP_SJ,I_MLRTN,1931,1,86.2860001516844,83.46776760274311,83.46776760274311
UNIMP_SJ,I_MLRTN,1931,2,545.7494758667641,440.70834694427583,440.70834694427583
UNIMP_SJ,I_MLRTN,1931,3,282.4133817170741,206.06655483130848,206.06655483130848
UNIMP_SJ,I_MLRTN,1931,4,300.769404630367,275.7148666774303,275.7148666774303
UNIMP_SJ,I_MLRTN,1931,5,441.1158537353485,444.80325458301957,444.80325458301957
UNIMP_SJ,I_MLRTN,1931,6,574.0920276802668,541.2097593802198,541.2097593802198
UNIMP_SJ,I_MLRTN,1931,7,77.4838406016569,187.7626790695517,187.7626790695517
UNIMP_SJ,I_MLRTN,1931,8,4.665219474712393,31.095208286015225,31.095208286015225
UNIMP_SJ,I_MLRTN,1931,9,3.9065446148369625,12.725604825377966,12.725604825377966
UNIMP_SJ,I_MLRTN,1931,10,37.13570926896568,55.578186812194296,55.578186812194296
UNIMP_SJ,I_MLRTN,1931,11,23.23831994320216,32.11122165735886,32.11122165735886
UNIMP_SJ,I_MLRTN,1931,12,30.901578497443232,46.9248814195055,46.9248814195055
UNIMP_SJ,I_MLRTN,1932,1,315.1256596966009,220.69054315271472,220.69054315271472
UNIMP_SJ,I_MLRTN,1932,2,261.1978346371117,177.7639442486106,177.7639442486106
UNIMP_SJ,I_MLRTN,1932,3,303.1326243731263,210.0293928225917,210.0293928225917
UNIMP_SJ,I_MLRTN,1932,4,190.51727737576243,190.65360840328285,190.65360840328285
UNIMP_SJ,I_MLRTN,1932,5,493.4105705031554,491.6878255252012,491.6878255252012
UNIMP_SJ,I_MLRTN,1932,6,822.7267672683939,640.9519590990586,640.9519590990586
UNIMP_SJ,I_MLRTN,1932,7,325.8549229298153,350.7562776045225,350.7562776045225
UNIMP_SJ,I_MLRTN,1932,8,22.221546173677407,120.18480241088058,120.18480241088058
UNIMP_SJ,I_MLRTN,1932,9,4.149959505388888,14.563694756256657,14.563694756256657
UNIMP_SJ,I_MLRTN,1932,10,3.656265010651569,8.105927763731408,8.105927763731408
UNIMP_SJ,I_MLRTN,1932,11,3.3826278746203293,5.976414076207661,5.976414076207661
UNIMP_SJ,I_MLRTN,1932,12,33.9611535133762,49.27832017544622,49.27832017544622
UNIMP_SJ,I_MLRTN,1933,1,38.71007604291113,43.94821840295656,43.94821840295656
UNIMP_SJ,I_MLRTN,1933,2,16.749010612281545,27.82352957011332,27.82352957011332
UNIMP_SJ,I_MLRTN,1933,3,43.58687819619632,56.26381576792948,56.26381576792948
UNIMP_SJ,I_MLRTN,1933,4,253.57676184111327,243.19853570966694,243.19853570966694
UNIMP_SJ,I_MLRTN,1933,5,405.3895950567573,432.3639035712243,432.3639035712243
UNIMP_SJ,I_MLRTN,1933,6,535.5157266155542,503.25819811373924,503.25819811373924
UNIMP_SJ,I_MLRTN,1933,7,144.64637619181823,266.1130700721998,266.1130700721998
UNIMP_SJ,I_MLRTN,1933,8,10.711305594193828,71.27303240134972,71.27303240134972
UNIMP_SJ,I_MLRTN,1933,9,4.951477510233343,19.736871405068566,19.736871405068566
UNIMP_SJ,I_MLRTN,1933,10,6.04846692916097,12.433188304369263,12.433188304369263
UNIMP_SJ,I_MLRTN,1933,11,4.635387314897388,9.927606823242906,9.927606823242906
UNIMP_SJ,I_MLRTN,1933,12,7.732498693685352,14.3781797702139,14.3781797702139
UNIMP_SJ,I_MLRTN,1934,1,17.577716123656487,18.925858570352553,18.925858570352553
UNIMP_SJ,I_MLRTN,1934,2,12.22904613624002,10.091453305711601,10.091453305711601
UNIMP_SJ,I_MLRTN,1934,3,204.73203895846245,149.91491215899853,149.91491215899853
UNIMP_SJ,I_MLRTN,1934,4,233.9845921619445,232.27209501541012,232.27209501541012
UNIMP_SJ,I_MLRTN,1934,5,716.2021492015198,684.9835534166604,684.9835534166604
UNIMP_SJ,I_MLRTN,1934,6,171.15943203564336,263.3501648511788,263.3501648511788
UNIMP_SJ,I_MLRTN,1934,7,16.822938952040428,77.63724901723076,77.63724901723076
UNIMP_SJ,I_MLRTN,1934,8,4.948618911154229,37.77580322562791,37.77580322562791
UNIMP_SJ,I_MLRTN,1934,9,3.848155013317734,11.606863169357613,11.606863169357613
UNIMP_SJ,I_MLRTN,1934,10,4.39144325314425,9.754186002307812,9.754186002307812
UNIMP_SJ,I_MLRTN,1934,11,21.90107821636921,30.32683545756018,30.32683545756018
UNIMP_SJ,I_MLRTN,1934,12,41.103645867683625,55.399581183145926,55.399581183145926
UNIMP_SJ,I_MLRTN,1935,1,34.56188432610288,41.636142355370644,41.636142355370644
UNIMP_SJ,I_MLRTN,1935,2,139.43205107029357,111.43872655269547,111.43872655269547
UNIMP_SJ,I_MLRTN,1935,3,174.5148117144074,132.0209428417411,132.0209428417411
UNIMP_SJ,I_MLRTN,1935,4,255.40703039914237,244.5853510461967,244.5853510461967
UNIMP_SJ,I_MLRTN,1935,5,474.6941480143553,490.0335382726095,490.0335382726095
UNIMP_SJ,I_MLRTN,1935,6,336.2493166582372,350.06937590615615,350.06937590615615
UNIMP_SJ,I_MLRTN,1935,7,43.03608070347986,162.6215328262721,162.6215328262721
UNIMP_SJ,I_MLRTN,1935,8,4.695711284574622,34.09983372572097,34.09983372572097
UNIMP_SJ,I_MLRTN,1935,9,3.810825709681169,11.596892508259325,11.596892508259325
UNIMP_SJ,I_MLRTN,1935,10,3.371332337403286,5.948420982224615,5.948420982224615
UNIMP_SJ,I_MLRTN,1935,11,527.004662376517,246.2413931360111,246.2413931360111
UNIMP_SJ,I_MLRTN,1935,12,207.71818192750865,219.1294210131603,219.1294210131603
UNIMP_SJ,I_MLRTN,1936,1,110.36447418502308,91.22586480072607,91.22586480072607
UNIMP_SJ,I_MLRTN,1936,2,108.71182519484609,100.12212476173721,100.12212476173721
UNIMP_SJ,I_MLRTN,1936,3,118.65358180207468,108.78809455838008,108.78809455838008
UNIMP_SJ,I_MLRTN,1936,4,247.39021188311705,240.29724751203204,240.29724751203204
UNIMP_SJ,I_MLRTN,1936,5,237.01683471587896,260.42044345359585,260.42044345359585
UNIMP_SJ,I_MLRTN,1936,6,46.84525785222029,145.6990603998139,145.6990603998139
UNIMP_SJ,I_MLRTN,1936,7,8.317090411502024,49.19295028852946,49.19295028852946
UNIMP_SJ,I_MLRTN,1936,8,3.859895256075113,14.921012041412633,14.921012041412633
UNIMP_SJ,I_MLRTN,1936,9,15.9375377199922,47.74903474270773,47.74903474270773
UNIMP_SJ,I_MLRTN,1936,10,24.48052235819029,39.9715540104645,39.9715540104645
UNIMP_SJ,I_MLRTN,1936,11,26.983134014142436,34.0884776965173,34.0884776965173
UNIMP_SJ,I_MLRTN,1936,12,28.071893464964838,40.96420089447933,40.96420089447933
UNIMP_SJ,I_MLRTN,1937,1,209.6546181333602,157.64381288416268,157.64381288416268
UNIMP_SJ,I_MLRTN,1937,2,138.77366636993733,111.38802678742479,111.38802678742479
UNIMP_SJ,I_MLRTN,1937,3,211.3432566946233,162.55902598140867,162.55902598140867
UNIMP_SJ,I_MLRTN,1937,4,253.3071367453153,243.10563227727377,243.10563227727377
UNIMP_SJ,I_MLRTN,1937,5,602.2936191627995,545.6573078431134,545.6573078431134
UNIMP_SJ,I_MLRTN,1937,6,502.2208236150844,493.20786030342833,493.20786030342833
UNIMP_SJ,I_MLRTN,1937,7,114.60989732151434,216.2551128126698,216.2551128126698
UNIMP_SJ,I_MLRTN,1937,8,7.437994321825314,54.890600310987786,54.890600310987786
UNIMP_SJ,I_MLRTN,1937,9,3.815083214469186,11.597278676474406,11.597278676474406
UNIMP_SJ,I_MLRTN,1937,10,8.143139771518996,17.230881868181207,17.230881868181207
UNIMP_SJ,I_MLRTN,1937,11,23.554611999483296,32.48368988620203,32.48368988620203
UNIMP_SJ,I_MLRTN,1937,12,26.422138298517687,40.84734392093409,40.84734392093409
UNIMP_SJ,I_MLRTN,1938,1,351.42654631878867,266.9135568240904,266.9135568240904
UNIMP_SJ,I_MLRTN,1938,2,344.49600504836724,234.98001103716973,234.98001103716973
UNIMP_SJ,I_MLRTN,1938,3,362.2092793329113,226.75217430301734,226.75217430301734
UNIMP_SJ,I_MLRTN,1938,4,417.5813604103938,367.53034370780125,367.53034370780125
UNIMP_SJ,I_MLRTN,1938,5,679.4210883500728,601.1081830856616,601.1081830856616
UNIMP_SJ,I_MLRTN,1938,6,1003.5847125662842,847.89796458194,847.89796458194
UNIMP_SJ,I_MLRTN,1938,7,505.2919193508724,466.538171729884,466.538171729884
UNIMP_SJ,I_MLRTN,1938,8,70.00677240346988,224.15215157363642,224.15215157363642
UNIMP_SJ,I_MLRTN,1938,9,7.359676537465112,33.159197087585596,33.159197087585596
UNIMP_SJ,I_MLRTN,1938,10,14.332160572367508,23.73118487996177,23.73118487996177
UNIMP_SJ,I_MLRTN,1938,11,19.01555736546528,26.279076984499717,26.279076984499717
UNIMP_SJ,I_MLRTN,1938,12,23.890938255605576,35.040794682034985,35.040794682034985
UNIMP_SJ,I_MLRTN,1939,1,116.4974698130009,94.6055825308822,94.6055825308822
UNIMP_SJ,I_MLRTN,1939,2,71.51492069767136,81.28641154053705,81.28641154053705
UNIMP_SJ,I_MLRTN,1939,3,168.8807218182219,128.44531252148008,128.44531252148008
UNIMP_SJ,I_MLRTN,1939,4,164.7815620146641,171.17843159303058,171.17843159303058
UNIMP_SJ,I_MLRTN,1939,5,282.1468688193549,296.2017219039405,296.2017219039405
UNIMP_SJ,I_MLRTN,1939,6,141.14514510516736,223.14194911545678,223.14194911545678
UNIMP_SJ,I_MLRTN,1939,7,9.52009418040414,55.25020884582096,55.25020884582096
UNIMP_SJ,I_MLRTN,1939,8,4.056148805571567,16.808279458276434,16.808279458276434
UNIMP_SJ,I_MLRTN,1939,9,3.086174590600469,5.521277479211356,5.521277479211356
UNIMP_SJ,I_MLRTN,1939,10,3.4110270736543185,5.978822240093768,5.978822240093768
UNIMP_SJ,I_MLRTN,1939,11,8.62037057123822,14.199999809265137,14.199999809265137
UNIMP_SJ,I_MLRTN,1939,12,50.198340485941216,58.54159664024933,58.54159664024933
UNIMP_SJ,I_MLRTN,1940,1,54.52025466948097,63.549865346657306,63.549865346657306
UNIMP_SJ,I_MLRTN,1940,2,78.18227137711689,83.92491472284611,83.92491472284611
UNIMP_SJ,I_MLRTN,1940,3,68.63051782333714,75.823982193545,75.823982193545
UNIMP_SJ,I_MLRTN,1940,4,127.15003996456984,146.0071831700242,146.0071831700242
UNIMP_SJ,I_MLRTN,1940,5,248.70909115708824,270.72021374425077,270.72021374425077
UNIMP_SJ,I_MLRTN,1940,6,73.495369095829,152.99637966703952,152.99637966703952
UNIMP_SJ,I_MLRTN,1940,7,11.83383487871282,64.02590704145895,64.02590704145895
UNIMP_SJ,I_MLRTN,1940,8,4.457823267990075,25.24452225116614,25.24452225116614
UNIMP_SJ,I_MLRTN,1940,9,3.58149253580126,10.900625363176822,10.900625363176822
UNIMP_SJ,I_MLRTN,1940,10,6.97124497049707,13.503908012762336,13.503908012762336
UNIMP_SJ,I_MLRTN,1940,11,8.604629600799639,14.199999809265137,14.199999809265137
UNIMP_SJ,I_MLRTN,1940,12,31.2466356454545,47.26057263159507,47.26057263159507
UNIMP_SJ,I_MLRTN,1941,1,46.09566914229935,55.04609569286696,55.04609569286696
UNIMP_SJ,I_MLRTN,1941,2,36.4727664732944,49.69934229352448,49.69934229352448
UNIMP_SJ,I_MLRTN,1941,3,69.27308609011989,77.07397739100576,77.07397739100576
UNIMP_SJ,I_MLRTN,1941,4,221.18228950073632,216.02582270568638,216.02582270568638
UNIMP_SJ,I_MLRTN,1941,5,481.9011732916663,491.5586155302004,491.5586155302004
UNIMP_SJ,I_MLRTN,1941,6,354.862987166857,363.6543007612151,363.6543007612151
UNIMP_SJ,I_MLRTN,1941,7,52.54092044105568,169.18232376792412,169.18232376792412
UNIMP_SJ,I_MLRTN,1941,8,5.471983282477607,44.682679503544485,44.682679503544485
UNIMP_SJ,I_MLRTN,1941,9,3.4198973032835407,8.663916996696223,8.663916996696223
UNIMP_SJ,I_MLRTN,1941,10,3.898360340784214,8.459629584829488,8.459629584829488
UNIMP_SJ,I_MLRTN,1941,11,9.559006079382351,14.551780584432032,14.551780584432032
UNIMP_SJ,I_MLRTN,1941,12,101.13814014999512,90.32494158604264,90.32494158604264
UNIMP_SJ,I_MLRTN,1942,1,16.4396590721215,17.856925966193522,17.856925966193522
UNIMP_SJ,I_MLRTN,1942,2,37.76933943723143,50.27020322652461,50.27020322652461
UNIMP_SJ,I_MLRTN,1942,3,68.2336520292153,75.43203790778891,75.43203790778891
UNIMP_SJ,I_MLRTN,1942,4,126.12478174286784,145.38173821439273,145.38173821439273
UNIMP_SJ,I_MLRTN,1942,5,229.18907283234665,254.64664253919153,254.64664253919153
UNIMP_SJ,I_MLRTN,1942,6,71.13209707062265,152.40149590230993,152.40149590230993
UNIMP_SJ,I_MLRTN,1942,7,7.938030224447683,47.101128400069655,47.101128400069655
UNIMP_SJ,I_MLRTN,1942,8,3.778537223657886,14.41702267647662,14.41702267647662
UNIMP_SJ,I_MLRTN,1942,9,3.116919695883952,5.565065533159479,5.565065533159479
UNIMP_SJ,I_MLRTN,1942,10,6.634218049525923,13.242851859383059,13.242851859383059
UNIMP_SJ,I_MLRTN,1942,11,5.904136177857505,10.208752905120507,10.208752905120507
UNIMP_SJ,I_MLRTN,1942,12,8.644381123769033,14.775591339294914,14.775591339294914
UNIMP_SJ,I_MLRTN,1943,1,3.772499084957996,9.787031553176073,9.787031553176073
UNIMP_SJ,I_MLRTN,1943,2,19.09152079192359,30.302424670603433,30.302424670603433
UNIMP_SJ,I_MLRTN,1943,3,41.85830863836159,49.92938154005948,49.92938154005948
UNIMP_SJ,I_MLRTN,1943,4,57.77543250213373,63.833665647764626,63.833665647764626
UNIMP_SJ,I_MLRTN,1943,5,76.25331274906844,161.54530927397073,161.54530927397073
UNIMP_SJ,I_MLRTN,1943,6,31.564745715417324,112.0845556051984,112.0845556051984
UNIMP_SJ,I_MLRTN,1943,7,6.6901054883942,41.14417343878365,41.14417343878365
UNIMP_SJ,I_MLRTN,1943,8,7.052184194457876,53.491728262409126,53.491728262409126
UNIMP_SJ,I_MLRTN,1943,9,3.2745570335998826,6.932986108641911,6.932986108641911
UNIMP_SJ,I_MLRTN,1943,10,5.088753684205448,10.649631439594318,10.649631439594318
UNIMP_SJ,I_MLRTN,1943,11,12.875957507075814,16.869856680136472,16.869856680136472
UNIMP_SJ,I_MLRTN,1943,12,41.29439204722146,55.94861952301198,55.94861952301198
UNIMP_SJ,I_MLRTN,1944,1,13.401993268353475,16.054236596532682,16.054236596532682
UNIMP_SJ,I_MLRTN,1944,2,38.29947463503292,51.01938234933408,51.01938234933408
UNIMP_SJ,I_MLRTN,1944,3,38.61169156248423,40.32657519490487,40.32657519490487
UNIMP_SJ,I_MLRTN,1944,4,76.08972479486373,98.8352854721136,98.8352854721136
UNIMP_SJ,I_MLRTN,1944,5,79.44922457512162,163.62732890535077,163.62732890535077
UNIMP_SJ,I_MLRTN,1944,6,38.391625720986106,122.80759291735146,122.80759291735146
UNIMP_SJ,I_MLRTN,1944,7,7.756928642143184,46.30634355464785,46.30634355464785
UNIMP_SJ,I_MLRTN,1944,8,3.790959565019761,14.434173716421833,14.434173716421833
UNIMP_SJ,I_MLRTN,1944,9,6.377614182067218,26.635165328848448,26.635165328848448
UNIMP_SJ,I_MLRTN,1944,10,16.414671699888977,26.895655069007766,26.895655069007766
UNIMP_SJ,I_MLRTN,1944,11,24.504580990570403,33.40303281705361,33.40303281705361
UNIMP_SJ,I_MLRTN,1944,12,20.70829501463905,32.85906274314758,32.85906274314758
UNIMP_SJ,I_MLRTN,1945,1,14.617521528387057,16.1752200635303,16.1752200635303
UNIMP_SJ,I_MLRTN,1945,2,12.681452220039048,10.953045611182988,10.953045611182988
UNIMP_SJ,I_MLRTN,1945,3,21.817562846476413,19.60395388030791,19.60395388030791
UNIMP_SJ,I_MLRTN,1945,4,84.93272515376732,112.35771762676836,112.35771762676836
UNIMP_SJ,I_MLRTN,1945,5,193.1911366947593,240.3074142507369,240.3074142507369
UNIMP_SJ,I_MLRTN,1945,6,148.79196856933052,245.6931654051504,245.6931654051504
UNIMP_SJ,I_MLRTN,1945,7,16.016824158288227,75.11607581230017,75.11607581230017
UNIMP_SJ,I_MLRTN,1945,8,4.475188716644626,25.30343491441045,25.30343491441045
UNIMP_SJ,I_MLRTN,1945,9,3.9150973227895687,12.742481584279842,12.742481584279842
UNIMP_SJ,I_MLRTN,1945,10,13.000600212987791,22.524724789801926,22.524724789801926
UNIMP_SJ,I_MLRTN,1945,11,13.640101890000212,18.448793643216487,18.448793643216487
UNIMP_SJ,I_MLRTN,1945,12,217.6336300654129,221.87165612408992,221.87165612408992
UNIMP_SJ,I_MLRTN,1946,1,168.50134891134917,152.89399068621836,152.89399068621836
UNIMP_SJ,I_MLRTN,1946,2,104.4781266944691,98.50284975589514,98.50284975589514
UNIMP_SJ,I_MLRTN,1946,3,104.30562641482366,101.40947884376041,101.40947884376041
UNIMP_SJ,I_MLRTN,1946,4,211.73787148360177,207.26023716842863,207.26023716842863
UNIMP_SJ,I_MLRTN,1946,5,436.2220940471608,442.28082032151565,442.28082032151565
UNIMP_SJ,I_MLRTN,1946,6,400.491404068325,404.44457101670076,404.44457101670076
UNIMP_SJ,I_MLRTN,1946,7,146.89924354378138,266.2036950648675,266.2036950648675
UNIMP_SJ,I_MLRTN,1946,8,14.351011212823035,79.90923327353484,79.90923327353484
UNIMP_SJ,I_MLRTN,1946,9,4.425283478794329,15.569242245752116,15.569242245752116
UNIMP_SJ,I_MLRTN,1946,10,4.471433417200998,9.80989283260661,9.80989283260661
UNIMP_SJ,I_MLRTN,1946,11,51.2819731283581,57.827243905492395,57.827243905492395
UNIMP_SJ,I_MLRTN,1946,12,17.102808177294442,26.77754096856837,26.77754096856837
UNIMP_SJ,I_MLRTN,1947,1,40.10995069084908,45.60187086846394,45.60187086846394
UNIMP_SJ,I_MLRTN,1947,2,53.229271705799306,62.06900451088183,62.06900451088183
UNIMP_SJ,I_MLRTN,1947,3,79.84400024115027,87.19154954139856,87.19154954139856
UNIMP_SJ,I_MLRTN,1947,4,262.3450710001003,248.07181953042178,248.07181953042178
UNIMP_SJ,I_MLRTN,1947,5,383.3923328633863,378.8258965663873,378.8258965663873
UNIMP_SJ,I_MLRTN,1947,6,144.2495785750746,231.9117377965755,231.9117377965755
UNIMP_SJ,I_MLRTN,1947,7,14.541313876309742,71.6303930413419,71.6303930413419
UNIMP_SJ,I_MLRTN,1947,8,4.657704252261723,30.14330348530532,30.14330348530532
UNIMP_SJ,I_MLRTN,1947,9,3.658562734094668,11.4357826855931,11.4357826855931
UNIMP_SJ,I_MLRTN,1947,10,3.211273635211968,4.915719698887907,4.915719698887907
UNIMP_SJ,I_MLRTN,1947,11,12.013303925953831,16.490363111747556,16.490363111747556
UNIMP_SJ,I_MLRTN,1947,12,176.04270167549922,212.71243259093157,212.71243259093157
UNIMP_SJ,I_MLRTN,1948,1,40.3176181234211,46.10200686988148,46.10200686988148
UNIMP_SJ,I_MLRTN,1948,2,120.99797058004911,101.24069479622294,101.24069479622294
UNIMP_SJ,I_MLRTN,1948,3,282.8113282845979,206.2118428746069,206.2118428746069
UNIMP_SJ,I_MLRTN,1948,4,329.2496032975614,298.97498248253714,298.97498248253714
UNIMP_SJ,I_MLRTN,1948,5,498.14055466477816,491.89771442363536,491.89771442363536
UNIMP_SJ,I_MLRTN,1948,6,745.0243217137958,605.7414117082841,605.7414117082841
UNIMP_SJ,I_MLRTN,1948,7,694.7590469766706,753.6967355224803,753.6967355224803
UNIMP_SJ,I_MLRTN,1948,8,35.293118016015924,135.21448679729622,135.21448679729622
UNIMP_SJ,I_MLRTN,1948,9,5.755312418916731,23.968564088609455,23.968564088609455
UNIMP_SJ,I_MLRTN,1948,10,4.023392624079108,9.441630117782529,9.441630117782529
UNIMP_SJ,I_MLRTN,1948,11,18.092617712011727,24.425525043789115,24.425525043789115
UNIMP_SJ,I_MLRTN,1948,12,16.885908475411796,26.499450965402517,26.499450965402517
UNIMP_SJ,I_MLRTN,1949,1,32.7911596339339,41.31616681559159,41.31616681559159
UNIMP_SJ,I_MLRTN,1949,2,38.55422602432166,51.412443964733974,51.412443964733974
UNIMP_SJ,I_MLRTN,1949,3,190.741064463298,137.7073957243779,137.7073957243779
UNIMP_SJ,I_MLRTN,1949,4,211.03012689995907,206.88288381107355,206.88288381107355
UNIMP_SJ,I_MLRTN,1949,5,179.77694870239702,239.54795295914815,239.54795295914815
UNIMP_SJ,I_MLRTN,1949,6,79.0466957913949,155.80532836195349,155.80532836195349
UNIMP_SJ,I_MLRTN,1949,7,8.43431199656852,49.55905542973801,49.55905542973801
UNIMP_SJ,I_MLRTN,1949,8,3.7666590757887137,14.400622983162396,14.400622983162396
UNIMP_SJ,I_MLRTN,1949,9,8.481973349040658,36.399473674810345,36.399473674810345
UNIMP_SJ,I_MLRTN,1949,10,6.0393158701437,12.427732117710146,12.427732117710146
UNIMP_SJ,I_MLRTN,1949,11,13.837950328369368,18.82568393060233,18.82568393060233
UNIMP_SJ,I_MLRTN,1949,12,12.394629316116758,16.19605996568065,16.19605996568065
UNIMP_SJ,I_MLRTN,1950,1,29.910103171313672,35.22928610747994,35.22928610747994
UNIMP_SJ,I_MLRTN,1950,2,48.05397871858238,55.46717524177099,55.46717524177099
UNIMP_SJ,I_MLRTN,1950,3,86.55222673509907,90.71834751117707,90.71834751117707
UNIMP_SJ,I_MLRTN,1950,4,139.8145768791177,151.55237465556868,151.55237465556868
UNIMP_SJ,I_MLRTN,1950,5,190.31962361514684,240.2812228535845,240.2812228535845
UNIMP_SJ,I_MLRTN,1950,6,283.35263510819976,337.42852820427464,337.42852820427464
UNIMP_SJ,I_MLRTN,1950,7,19.811460636259085,90.78952974933692,90.78952974933692
UNIMP_SJ,I_MLRTN,1950,8,4.467530814370535,25.277455313951744,25.277455313951744
UNIMP_SJ,I_MLRTN,1950,9,3.32436329007844,7.510157287018703,7.510157287018703
UNIMP_SJ,I_MLRTN,1950,10,9.717974660580271,18.704945984112488,18.704945984112488
UNIMP_SJ,I_MLRTN,1950,11,38.67601898434514,51.209373551541574,51.209373551541574
UNIMP_SJ,I_MLRTN,1950,12,25.05750415018396,36.23110454862092,36.23110454862092
UNIMP_SJ,I_MLRTN,1951,1,56.6653855808182,64.80489041096885,64.80489041096885
UNIMP_SJ,I_MLRTN,1951,2,35.718787702165024,49.38327007752011,49.38327007752011
UNIMP_SJ,I_MLRTN,1951,3,147.01736429781934,111.58263466026222,111.58263466026222
UNIMP_SJ,I_MLRTN,1951,4,212.40676021347096,207.61687346596693,207.61687346596693
UNIMP_SJ,I_MLRTN,1951,5,268.5936364730084,293.9718425282522,293.9718425282522
UNIMP_SJ,I_MLRTN,1951,6,260.13999896442954,323.1191105881466,323.1191105881466
UNIMP_SJ,I_MLRTN,1951,7,14.7609549822946,72.8620917576146,72.8620917576146
UNIMP_SJ,I_MLRTN,1951,8,5.319206143806991,43.39253796446813,43.39253796446813
UNIMP_SJ,I_MLRTN,1951,9,3.317909976804948,7.4919177450820325,7.4919177450820325
UNIMP_SJ,I_MLRTN,1951,10,3.8834773165875145,8.372000585349358,8.372000585349358
UNIMP_SJ,I_MLRTN,1951,11,18.69870028356127,25.995149062903437,25.995149062903437
UNIMP_SJ,I_MLRTN,1951,12,27.66366362821993,40.93528478365083,40.93528478365083
UNIMP_SJ,I_MLRTN,1952,1,34.33889220068605,41.56790176736928,41.56790176736928
UNIMP_SJ,I_MLRTN,1952,2,46.100709165051605,54.59379880374659,54.59379880374659
UNIMP_SJ,I_MLRTN,1952,3,213.73404237495123,162.88446185764977,162.88446185764977
UNIMP_SJ,I_MLRTN,1952,4,191.9714912198185,190.95267853789755,190.95267853789755
UNIMP_SJ,I_MLRTN,1952,5,466.468144665875,470.7617971553736,470.7617971553736
UNIMP_SJ,I_MLRTN,1952,6,494.631695574538,492.4879869566619,492.4879869566619
UNIMP_SJ,I_MLRTN,1952,7,49.32795332081704,166.96454775483124,166.96454775483124
UNIMP_SJ,I_MLRTN,1952,8,6.258900172183118,50.33975654383553,50.33975654383553
UNIMP_SJ,I_MLRTN,1952,9,6.53301523183208,26.78725585181129,26.78725585181129
UNIMP_SJ,I_MLRTN,1952,10,23.165905722100785,36.04477862701216,36.04477862701216
UNIMP_SJ,I_MLRTN,1952,11,20.341168152565963,27.607687680077014,27.607687680077014
UNIMP_SJ,I_MLRTN,1952,12,16.405298078383453,26.16678996265383,26.16678996265383
UNIMP_SJ,I_MLRTN,1953,1,11.57630425905623,13.057900756164518,13.057900756164518
UNIMP_SJ,I_MLRTN,1953,2,18.31972638078855,29.538835045477093,29.538835045477093
UNIMP_SJ,I_MLRTN,1953,3,50.61872603149431,72.50007917869429,72.50007917869429
UNIMP_SJ,I_MLRTN,1953,4,50.65565515896419,51.16502786116291,51.16502786116291
UNIMP_SJ,I_MLRTN,1953,5,49.33601313919922,68.13630365408244,68.13630365408244
UNIMP_SJ,I_MLRTN,1953,6,14.8938577186149,56.69794135145217,56.69794135145217
UNIMP_SJ,I_MLRTN,1953,7,6.80472103994626,42.614501539250746,42.614501539250746
UNIMP_SJ,I_MLRTN,1953,8,5.429346292021952,44.480439686515766,44.480439686515766
UNIMP_SJ,I_MLRTN,1953,9,3.5199804635680523,10.743304944999197,10.743304944999197
UNIMP_SJ,I_MLRTN,1953,10,9.441835635088667,17.93394988590727,17.93394988590727
UNIMP_SJ,I_MLRTN,1953,11,19.8548656522944,27.014340404176192,27.014340404176192
UNIMP_SJ,I_MLRTN,1953,12,20.696223655000622,32.85784526813992,32.85784526813992
UNIMP_SJ,I_MLRTN,1954,1,17.791141925147862,18.96769371934318,18.96769371934318
UNIMP_SJ,I_MLRTN,1954,2,20.92862450689466,36.62998103997767,36.62998103997767
UNIMP_SJ,I_MLRTN,1954,3,35.95774684948091,34.7267429516503,34.7267429516503
UNIMP_SJ,I_MLRTN,1954,4,238.54160370295727,233.24505946964337,233.24505946964337
UNIMP_SJ,I_MLRTN,1954,5,196.53011380315945,240.33786944042413,240.33786944042413
UNIMP_SJ,I_MLRTN,1954,6,189.2425390374621,267.12919586597934,267.12919586597934
UNIMP_SJ,I_MLRTN,1954,7,15.085943821392272,73.44536880213428,73.44536880213428
UNIMP_SJ,I_MLRTN,1954,8,4.608700625693041,29.06637884976836,29.06637884976836
UNIMP_SJ,I_MLRTN,1954,9,7.306900633789612,32.96202647346042,32.96202647346042
UNIMP_SJ,I_MLRTN,1954,10,8.157195975670888,17.247096692763566,17.247096692763566
UNIMP_SJ,I_MLRTN,1954,11,9.68244148926671,14.575421335104984,14.575421335104984
UNIMP_SJ,I_MLRTN,1954,12,10.758848926827572,15.543214088952476,15.543214088952476
UNIMP_SJ,I_MLRTN,1955,1,32.93789254348365,41.34003256779142,41.34003256779142
UNIMP_SJ,I_MLRTN,1955,2,289.6532401278038,197.22143643096146,197.22143643096146
UNIMP_SJ,I_MLRTN,1955,3,455.781447988022,317.8886279827535,317.8886279827535
UNIMP_SJ,I_MLRTN,1955,4,309.9596592552975,276.23263964469675,276.23263964469675
UNIMP_SJ,I_MLRTN,1955,5,428.9518215915773,439.0166597841552,439.0166597841552
UNIMP_SJ,I_MLRTN,1955,6,568.4306942763559,537.2801985235565,537.2801985235565
UNIMP_SJ,I_MLRTN,1955,7,40.490839904500966,162.01732904817013,162.01732904817013
UNIMP_SJ,I_MLRTN,1955,8,5.492452208225495,44.80917993889478,44.80917993889478
UNIMP_SJ,I_MLRTN,1955,9,4.137268537264765,14.17178312339626,14.17178312339626
UNIMP_SJ,I_MLRTN,1955,10,9.419354525888414,17.92627519122023,17.92627519122023
UNIMP_SJ,I_MLRTN,1955,11,3.40810028711617,6.001426769107848,6.001426769107848
UNIMP_SJ,I_MLRTN,1955,12,6.623811488596712,9.665863536588962,9.665863536588962
UNIMP_SJ,I_MLRTN,1956,1,36.02492273717037,42.84153897174985,42.84153897174985
UNIMP_SJ,I_MLRTN,1956,2,48.56549250363384,55.59967470249147,55.59967470249147
UNIMP_SJ,I_MLRTN,1956,3,69.32085559169211,77.150418851585,77.150418851585
UNIMP_SJ,I_MLRTN,1956,4,279.5559528658859,257.08488688776475,257.08488688776475
UNIMP_SJ,I_MLRTN,1956,5,185.45452325625803,240.23684772028258,240.23684772028258
UNIMP_SJ,I_MLRTN,1956,6,46.43145889044331,145.26286012850716,145.26286012850716
UNIMP_SJ,I_MLRTN,1956,7,7.555768420693574,45.262980231409784,45.262980231409784
UNIMP_SJ,I_MLRTN,1956,8,4.19016011312263,18.95562307988893,18.95562307988893
UNIMP_SJ,I_MLRTN,1956,9,3.636827499636475,11.002123685690469,11.002123685690469
UNIMP_SJ,I_MLRTN,1956,10,9.970338880071694,18.728358397175395,18.728358397175395
UNIMP_SJ,I_MLRTN,1956,11,7.793224148185374,13.311318218649825,13.311318218649825
UNIMP_SJ,I_MLRTN,1956,12,10.5244693175238,15.50355757804184,15.50355757804184
UNIMP_SJ,I_MLRTN,1957,1,39.0597153616765,44.10704955951736,44.10704955951736
UNIMP_SJ,I_MLRTN,1957,2,47.98376380249741,55.44898719134561,55.44898719134561
UNIMP_SJ,I_MLRTN,1957,3,125.63692389072844,109.95214146056502,109.95214146056502
UNIMP_SJ,I_MLRTN,1957,4,150.73100340104983,161.69915944812135,161.69915944812135
UNIMP_SJ,I_MLRTN,1957,5,389.0983708311945,380.7816764594678,380.7816764594678
UNIMP_SJ,I_MLRTN,1957,6,399.0078920746024,401.41409256655805,401.41409256655805
UNIMP_SJ,I_MLRTN,1957,7,73.53477547264092,186.54606872687603,186.54606872687603
UNIMP_SJ,I_MLRTN,1957,8,5.4807158456946405,44.73664779979437,44.73664779979437
UNIMP_SJ,I_MLRTN,1957,9,3.5459099590459986,10.832245150209049,10.832245150209049
UNIMP_SJ,I_MLRTN,1957,10,5.894248652617774,12.344720291319751,12.344720291319751
UNIMP_SJ,I_MLRTN,1957,11,7.129991206739,11.447972860477073,11.447972860477073
UNIMP_SJ,I_MLRTN,1957,12,12.47508734088824,16.258522647947004,16.258522647947004
UNIMP_SJ,I_MLRTN,1958,1,69.98366685527833,75.98795854081527,75.98795854081527
UNIMP_SJ,I_MLRTN,1958,2,22.440263813251978,37.37120116321326,37.37120116321326
UNIMP_SJ,I_MLRTN,1958,3,81.97119500736328,89.97338000788423,89.97338000788423
UNIMP_SJ,I_MLRTN,1958,4,103.2879640845016,128.80012584483381,128.80012584483381
UNIMP_SJ,I_MLRTN,1958,5,450.2779987882855,445.8155092448741,445.8155092448741
UNIMP_SJ,I_MLRTN,1958,6,165.15116369479952,259.9125606045202,259.9125606045202
UNIMP_SJ,I_MLRTN,1958,7,17.24032134727706,78.97689253030941,78.97689253030941
UNIMP_SJ,I_MLRTN,1958,8,4.354329319554745,23.15617466132067,23.15617466132067
UNIMP_SJ,I_MLRTN,1958,9,3.2218292994572177,5.900000095367432,5.900000095367432
UNIMP_SJ,I_MLRTN,1958,10,79.73915442043459,130.0572325954997,130.0572325954997
UNIMP_SJ,I_MLRTN,1958,11,7.372280683568363,12.281529035435877,12.281529035435877
UNIMP_SJ,I_MLRTN,1958,12,28.898087993708536,43.390965653253765,43.390965653253765
UNIMP_SJ,I_MLRTN,1959,1,53.03851678443854,62.32253963323064,62.32253963323064
UNIMP_SJ,I_MLRTN,1959,2,59.35620825860512,66.97594260685722,66.97594260685722
UNIMP_SJ,I_MLRTN,1959,3,199.73606096772127,144.2970637782206,144.2970637782206
UNIMP_SJ,I_MLRTN,1959,4,203.8274294786881,205.18848101457803,205.18848101457803
UNIMP_SJ,I_MLRTN,1959,5,619.7844998767789,588.6157060210905,588.6157060210905
UNIMP_SJ,I_MLRTN,1959,6,460.4642516626045,460.37131255219026,460.37131255219026
UNIMP_SJ,I_MLRTN,1959,7,84.10646476696517,189.802947536123,189.802947536123
UNIMP_SJ,I_MLRTN,1959,8,7.067986079587003,53.5490228066784,53.5490228066784
UNIMP_SJ,I_MLRTN,1959,9,3.4840308757282554,10.276917701243816,10.276917701243816
UNIMP_SJ,I_MLRTN,1959,10,16.68378814748453,27.55765149297902,27.55765149297902
UNIMP_SJ,I_MLRTN,1959,11,31.446854587252737,40.50844586927107,40.50844586927107
UNIMP_SJ,I_MLRTN,1959,12,109.1142676321397,98.47441880114187,98.47441880114187
UNIMP_SJ,I_MLRTN,1960,1,67.30764899408278,74.78645767666917,74.78645767666917
UNIMP_SJ,I_MLRTN,1960,2,65.6369789832293,68.43458620316312,68.43458620316312
UNIMP_SJ,I_MLRTN,1960,3,191.52849470802587,137.80358022610486,137.80358022610486
UNIMP_SJ,I_MLRTN,1960,4,322.5567949761818,280.41838795259787,280.41838795259787
UNIMP_SJ,I_MLRTN,1960,5,532.7621721311273,506.5788951408955,506.5788951408955
UNIMP_SJ,I_MLRTN,1960,6,599.2536479129669,550.0248692443965,550.0248692443965
UNIMP_SJ,I_MLRTN,1960,7,234.57127945196237,322.2159468737379,322.2159468737379
UNIMP_SJ,I_MLRTN,1960,8,18.26201037406459,114.65933168582235,114.65933168582235
UNIMP_SJ,I_MLRTN,1960,9,6.252543036901044,26.51275858896692,26.51275858896692
UNIMP_SJ,I_MLRTN,1960,10,20.299836441260027,34.91329285233636,34.91329285233636
UNIMP_SJ,I_MLRTN,1960,11,13.585144754114555,18.3871945456216,18.3871945456216
UNIMP_SJ,I_MLRTN,1960,12,15.485324154590955,23.304123597575206,23.304123597575206
UNIMP_SJ,I_MLRTN,1961,1,50.59210393661543,60.962102099593544,60.962102099593544
UNIMP_SJ,I_MLRTN,1961,2,75.22595801832126,83.45081015856863,83.45081015856863
UNIMP_SJ,I_MLRTN,1961,3,300.0048884118265,209.93705032934415,209.93705032934415
UNIMP_SJ,I_MLRTN,1961,4,367.561973435875,343.4897304889357,343.4897304889357
UNIMP_SJ,I_MLRTN,1961,5,352.2944225395461,365.43573316199803,365.43573316199803
UNIMP_SJ,I_MLRTN,1961,6,341.79921931181286,363.0452162011046,363.0452162011046
UNIMP_SJ,I_MLRTN,1961,7,49.8845581551601,167.34874865206484,167.34874865206484
UNIMP_SJ,I_MLRTN,1961,8,4.853584899076187,36.41726854791352,36.41726854791352
UNIMP_SJ,I_MLRTN,1961,9,3.4850710302228824,10.303812831856039,10.303812831856039
UNIMP_SJ,I_MLRTN,1961,10,9.872082513339812,18.719242926493287,18.719242926493287
UNIMP_SJ,I_MLRTN,1961,11,23.50862610988968,32.42953650957253,32.42953650957253
UNIMP_SJ,I_MLRTN,1961,12,140.83771467287326,211.95482375212256,211.95482375212256
UNIMP_SJ,I_MLRTN,1962,1,67.41934016564657,74.7968704217526,74.7968704217526
UNIMP_SJ,I_MLRTN,1962,2,99.84945510842418,88.56224930492863,88.56224930492863
UNIMP_SJ,I_MLRTN,1962,3,261.90210568638497,198.57800384670264,198.57800384670264
UNIMP_SJ,I_MLRTN,1962,4,360.9486208532312,333.86961505658377,333.86961505658377
UNIMP_SJ,I_MLRTN,1962,5,402.7091441696477,409.0604148885459,409.0604148885459
UNIMP_SJ,I_MLRTN,1962,6,545.9680904771641,521.6887888095371,521.6887888095371
UNIMP_SJ,I_MLRTN,1962,7,93.2543278794228,192.62118033614024,192.62118033614024
UNIMP_SJ,I_MLRTN,1962,8,5.828734306447744,46.88744395477826,46.88744395477826
UNIMP_SJ,I_MLRTN,1962,9,6.425144513408354,26.68168311596256,26.68168311596256
UNIMP_SJ,I_MLRTN,1962,10,4.391471148940953,9.754296218943617,9.754296218943617
UNIMP_SJ,I_MLRTN,1962,11,12.339842408873892,16.549643523736663,16.549643523736663
UNIMP_SJ,I_MLRTN,1962,12,14.351943547926602,19.676804920464104,19.676804920464104
UNIMP_SJ,I_MLRTN,1963,1,28.7006353782243,33.400001525878906,33.400001525878906
UNIMP_SJ,I_MLRTN,1963,2,22.17037664112646,37.339367227106706,37.339367227106706
UNIMP_SJ,I_MLRTN,1963,3,152.4670850665611,125.7279081526587,125.7279081526587
UNIMP_SJ,I_MLRTN,1963,4,325.8149343071781,289.81894226621745,289.81894226621745
UNIMP_SJ,I_MLRTN,1963,5,310.6477707938056,319.75124664274443,319.75124664274443
UNIMP_SJ,I_MLRTN,1963,6,142.34760401818906,223.2047700965338,223.2047700965338
UNIMP_SJ,I_MLRTN,1963,7,12.722462363864151,65.62638433657906,65.62638433657906
UNIMP_SJ,I_MLRTN,1963,8,3.795888718527466,14.44097920551958,14.44097920551958
UNIMP_SJ,I_MLRTN,1963,9,3.2285947059905467,5.900000095367432,5.900000095367432
UNIMP_SJ,I_MLRTN,1963,10,5.005673019783222,10.621330125259826,10.621330125259826
UNIMP_SJ,I_MLRTN,1963,11,8.322525844987648,13.9999589397324,13.9999589397324
UNIMP_SJ,I_MLRTN,1963,12,33.731653787930014,49.04438268291628,49.04438268291628
UNIMP_SJ,I_MLRTN,1964,1,27.30588488495905,31.196520580988405,31.196520580988405
UNIMP_SJ,I_MLRTN,1964,2,24.406093668362317,38.35686842198657,38.35686842198657
UNIMP_SJ,I_MLRTN,1964,3,143.7585901498064,111.43837469732327,111.43837469732327
UNIMP_SJ,I_MLRTN,1964,4,239.06941150460065,233.35775135664963,233.35775135664963
UNIMP_SJ,I_MLRTN,1964,5,320.119639674199,322.25134451492124,322.25134451492124
UNIMP_SJ,I_MLRTN,1964,6,283.25236838397853,337.42287197663296,337.42287197663296
UNIMP_SJ,I_MLRTN,1964,7,20.024604089796465,92.85328350801667,92.85328350801667
UNIMP_SJ,I_MLRTN,1964,8,7.5996526721728,56.185937368174,56.185937368174
UNIMP_SJ,I_MLRTN,1964,9,3.9026718627494175,12.717962859391237,12.717962859391237
UNIMP_SJ,I_MLRTN,1964,10,3.3258052837260976,5.91355289064416,5.91355289064416
UNIMP_SJ,I_MLRTN,1964,11,11.391422538822264,16.205497287481894,16.205497287481894
UNIMP_SJ,I_MLRTN,1964,12,21.9997070793309,33.131045694748394,33.131045694748394
UNIMP_SJ,I_MLRTN,1965,1,29.780587781790302,34.94489786674811,34.94489786674811
UNIMP_SJ,I_MLRTN,1965,2,66.75730736390358,68.95857326775736,68.95857326775736
UNIMP_SJ,I_MLRTN,1965,3,251.94096241828208,190.2316320662675,190.2316320662675
UNIMP_SJ,I_MLRTN,1965,4,333.6988497392964,302.6318389830638,302.6318389830638
UNIMP_SJ,I_MLRTN,1965,5,356.4537048625226,368.6595055419738,368.6595055419738
UNIMP_SJ,I_MLRTN,1965,6,272.8385568073889,331.5734814720994,331.5734814720994
UNIMP_SJ,I_MLRTN,1965,7,27.56133123588339,115.90349912987122,115.90349912987122
UNIMP_SJ,I_MLRTN,1965,8,4.312763749964602,22.282844587743515,22.282844587743515
UNIMP_SJ,I_MLRTN,1965,9,3.3921219689402955,7.881960978728802,7.881960978728802
UNIMP_SJ,I_MLRTN,1965,10,9.811683772417544,18.71363959542757,18.71363959542757
UNIMP_SJ,I_MLRTN,1965,11,23.34474200276825,32.236545184299395,32.236545184299395
UNIMP_SJ,I_MLRTN,1965,12,116.29361821078172,108.60824928670523,108.60824928670523
UNIMP_SJ,I_MLRTN,1966,1,53.9036178736154,63.34058992544284,63.34058992544284
UNIMP_SJ,I_MLRTN,1966,2,334.8430856905735,230.94907766833907,230.94907766833907
UNIMP_SJ,I_MLRTN,1966,3,354.4382907101465,226.27080072540062,226.27080072540062
UNIMP_SJ,I_MLRTN,1966,4,403.6033752481378,358.2244711806522,358.2244711806522
UNIMP_SJ,I_MLRTN,1966,5,363.4581470827137,373.2399304517206,373.2399304517206
UNIMP_SJ,I_MLRTN,1966,6,744.9676218456294,605.7129500008746,605.7129500008746
UNIMP_SJ,I_MLRTN,1966,7,212.95692959520431,317.3340074454279,317.3340074454279
UNIMP_SJ,I_MLRTN,1966,8,10.083698827993684,70.4183503674982,70.4183503674982
UNIMP_SJ,I_MLRTN,1966,9,6.861014974137711,29.486198032061367,29.486198032061367
UNIMP_SJ,I_MLRTN,1966,10,4.701169264189748,10.100000381469727,10.100000381469727
UNIMP_SJ,I_MLRTN,1966,11,12.557744093393309,16.589201806472342,16.589201806472342
UNIMP_SJ,I_MLRTN,1966,12,15.273267380340954,21.75797129158286,21.75797129158286
UNIMP_SJ,I_MLRTN,1967,1,30.15151934520344,35.75938466356184,35.75938466356184
UNIMP_SJ,I_MLRTN,1967,2,16.395898798415022,27.43791261771167,27.43791261771167
UNIMP_SJ,I_MLRTN,1967,3,146.38485111955802,111.55463446033734,111.55463446033734
UNIMP_SJ,I_MLRTN,1967,4,342.8950313348595,306.4620291386916,306.4620291386916
UNIMP_SJ,I_MLRTN,1967,5,410.7646220903027,434.0283588168581,434.0283588168581
UNIMP_SJ,I_MLRTN,1967,6,157.91125268744065,253.61963757057282,253.61963757057282
UNIMP_SJ,I_MLRTN,1967,7,13.696669469058246,67.69005166717506,67.69005166717506
UNIMP_SJ,I_MLRTN,1967,8,3.823788238549541,14.876216219742494,14.876216219742494
UNIMP_SJ,I_MLRTN,1967,9,3.287052966417104,6.983168204697188,6.983168204697188
UNIMP_SJ,I_MLRTN,1967,10,5.026884899196542,10.628555922875632,10.628555922875632
UNIMP_SJ,I_MLRTN,1967,11,25.421319959115664,33.731586995817956,33.731586995817956
UNIMP_SJ,I_MLRTN,1967,12,35.45294244243664,49.98771172848558,49.98771172848558
UNIMP_SJ,I_MLRTN,1968,1,35.71300818745147,42.74481789343202,42.74481789343202
UNIMP_SJ,I_MLRTN,1968,2,30.764454576084788,45.17897149926312,45.17897149926312
UNIMP_SJ,I_MLRTN,1968,3,272.9108356689836,202.59722896107886,202.59722896107886
UNIMP_SJ,I_MLRTN,1968,4,432.0800441949067,380.5310586377941,380.5310586377941
UNIMP_SJ,I_MLRTN,1968,5,310.77232426819825,319.80520425185034,319.80520425185034
UNIMP_SJ,I_MLRTN,1968,6,194.15818833796655,278.3569181882809,278.3569181882809
UNIMP_SJ,I_MLRTN,1968,7,21.0356836379486,98.48802999119904,98.48802999119904
UNIMP_SJ,I_MLRTN,1968,8,4.941961994826886,37.50930011908372,37.50930011908372
UNIMP_SJ,I_MLRTN,1968,9,5.38159162462027,21.66632116421143,21.66632116421143
UNIMP_SJ,I_MLRTN,1968,10,12.937252658633367,22.477141882311827,22.477141882311827
UNIMP_SJ,I_MLRTN,1968,11,7.210806023818541,11.715614108201688,11.715614108201688
UNIMP_SJ,I_MLRTN,1968,12,45.99154414013862,57.56662267154904,57.56662267154904
UNIMP_SJ,I_MLRTN,1969,1,392.4200284781722,395.9940751773085,395.9940751773085
UNIMP_SJ,I_MLRTN,1969,2,280.4974277420234,196.35883873805656,196.35883873805656
UNIMP_SJ,I_MLRTN,1969,3,336.5310992369716,222.64976945925602,222.64976945925602
UNIMP_SJ,I_MLRTN,1969,4,196.98971696089404,194.7781964513059,194.7781964513059
UNIMP_SJ,I_MLRTN,1969,5,316.0999713931868,321.93831740578736,321.93831740578736
UNIMP_SJ,I_MLRTN,1969,6,683.7650473837789,575.0260705589238,575.0260705589238
UNIMP_SJ,I_MLRTN,1969,7,847.4565227484621,960.8962974408887,960.8962974408887
UNIMP_SJ,I_MLRTN,1969,8,90.13329415362806,247.55765585980242,247.55765585980242
UNIMP_SJ,I_MLRTN,1969,9,9.598576777807956,40.56508032593641,40.56508032593641
UNIMP_SJ,I_MLRTN,1969,10,5.042721295808504,10.633950569651242,10.633950569651242
UNIMP_SJ,I_MLRTN,1969,11,6.040586762419509,10.232467950661613,10.232467950661613
UNIMP_SJ,I_MLRTN,1969,12,14.646750077449797,19.873958002375833,19.873958002375833
UNIMP_SJ,I_MLRTN,1970,1,11.740638601238134,13.268902861119274,13.268902861119274
UNIMP_SJ,I_MLRTN,1970,2,44.10454630794965,54.32966517805744,54.32966517805744
UNIMP_SJ,I_MLRTN,1970,3,50.7808121135434,72.56673929636742,72.56673929636742
UNIMP_SJ,I_MLRTN,1970,4,187.792133760793,190.09316189735486,190.09316189735486
UNIMP_SJ,I_MLRTN,1970,5,280.0208775494873,295.8519378845697,295.8519378845697
UNIMP_SJ,I_MLRTN,1970,6,198.1923272729681,278.906767967744,278.906767967744
UNIMP_SJ,I_MLRTN,1970,7,13.103564440283828,66.43367459399603,66.43367459399603
UNIMP_SJ,I_MLRTN,1970,8,3.9262917105674937,15.104058384108267,15.104058384108267
UNIMP_SJ,I_MLRTN,1970,9,3.580969815873351,10.899664024595008,10.899664024595008
UNIMP_SJ,I_MLRTN,1970,10,7.092270114262865,15.354288735662864,15.354288735662864
UNIMP_SJ,I_MLRTN,1970,11,98.64778341216928,99.06666201432617,99.06666201432617
UNIMP_SJ,I_MLRTN,1970,12,86.06625546770461,84.43032754126466,84.43032754126466
UNIMP_SJ,I_MLRTN,1971,1,243.9818382897161,178.22037165719448,178.22037165719448
UNIMP_SJ,I_MLRTN,1971,2,293.4869226875379,197.58261964355026,197.58261964355026
UNIMP_SJ,I_MLRTN,1971,3,371.64947348235273,233.10215748477486,233.10215748477486
UNIMP_SJ,I_MLRTN,1971,4,570.7374664556671,504.7744022294503,504.7744022294503
UNIMP_SJ,I_MLRTN,1971,5,695.1844218291301,644.3988564490948,644.3988564490948
UNIMP_SJ,I_MLRTN,1971,6,953.907354278806,826.8146646621619,826.8146646621619
UNIMP_SJ,I_MLRTN,1971,7,254.32386331177548,327.1518390448439,327.1518390448439
UNIMP_SJ,I_MLRTN,1971,8,31.652058029040685,133.92091530038286,133.92091530038286
UNIMP_SJ,I_MLRTN,1971,9,7.060754858293231,31.404338042962127,31.404338042962127
UNIMP_SJ,I_MLRTN,1971,10,10.912800126170056,19.823062775480462,19.823062775480462
UNIMP_SJ,I_MLRTN,1971,11,73.50377529959185,65.1787111049984,65.1787111049984
UNIMP_SJ,I_MLRTN,1971,12,133.8633867780935,210.8047018269279,210.8047018269279
UNIMP_SJ,I_MLRTN,1972,1,193.91494828318096,155.8271738988276,155.8271738988276
UNIMP_SJ,I_MLRTN,1972,2,428.2936889381809,315.80778847068996,315.80778847068996
UNIMP_SJ,I_MLRTN,1972,3,501.0788866119444,379.86346860978693,379.86346860978693
UNIMP_SJ,I_MLRTN,1972,4,245.2632385419819,237.88296826012095,237.88296826012095
UNIMP_SJ,I_MLRTN,1972,5,453.0525650971806,445.9729940752666,445.9729940752666
UNIMP_SJ,I_MLRTN,1972,6,1257.2607730648697,1222.6465468885087,1222.6465468885087
UNIMP_SJ,I_MLRTN,1972,7,972.931089812012,1475.6448478972613,1475.6448478972613
UNIMP_SJ,I_MLRTN,1972,8,226.3724352737173,285.1469489166196,285.1469489166196
UNIMP_SJ,I_MLRTN,1972,9,52.76162690549529,156.23914329168989,156.23914329168989
UNIMP_SJ,I_MLRTN,1972,10,25.14218300150278,41.561621663517194,41.561621663517194
UNIMP_SJ,I_MLRTN,1972,11,64.77928443544201,64.91221264917503,64.91221264917503
UNIMP_SJ,I_MLRTN,1972,12,71.59831765735845,81.29926741594504,81.29926741594504
UNIMP_SJ,I_MLRTN,1973,1,110.5949879535266,91.30691662376098,91.30691662376098
UNIMP_SJ,I_MLRTN,1973,2,192.44309804498883,135.21686701993337,135.21686701993337
UNIMP_SJ,I_MLRTN,1973,3,250.709419362248,188.69810169383155,188.69810169383155
UNIMP_SJ,I_MLRTN,1973,4,269.9598580721288,249.46050091654357,249.46050091654357
UNIMP_SJ,I_MLRTN,1973,5,512.9695724058174,494.253436778373,494.253436778373
UNIMP_SJ,I_MLRTN,1973,6,314.04464894873314,340.8651750060253,340.8651750060253
UNIMP_SJ,I_MLRTN,1973,7,48.88687619100565,166.660090771049,166.660090771049
UNIMP_SJ,I_MLRTN,1973,8,9.29806923640776,68.91893373119417,68.91893373119417
UNIMP_SJ,I_MLRTN,1973,9,6.891891725249301,29.7830146540689,29.7830146540689
UNIMP_SJ,I_MLRTN,1973,10,12.86939757206177,22.426173185256783,22.426173185256783
UNIMP_SJ,I_MLRTN,1973,11,8.477189007023835,14.182344249673188,14.182344249673188
UNIMP_SJ,I_MLRTN,1973,12,8.24772582709026,14.600000381469727,14.600000381469727
UNIMP_SJ,I_MLRTN,1974,1,22.61883968770207,26.120409352630457,26.120409352630457
UNIMP_SJ,I_MLRTN,1974,2,20.097843025514106,33.67570271488585,33.67570271488585
UNIMP_SJ,I_MLRTN,1974,3,23.54475892679829,20.573134784092687,20.573134784092687
UNIMP_SJ,I_MLRTN,1974,4,49.88885806064541,46.33871181985564,46.33871181985564
UNIMP_SJ,I_MLRTN,1974,5,31.297863085108062,50.22506575887219,50.22506575887219
UNIMP_SJ,I_MLRTN,1974,6,15.65077491288885,57.01590015736317,57.01590015736317
UNIMP_SJ,I_MLRTN,1974,7,5.3915078815158575,27.70000505636733,27.70000505636733
UNIMP_SJ,I_MLRTN,1974,8,3.868613938767264,14.931828790671956,14.931828790671956
UNIMP_SJ,I_MLRTN,1974,9,3.245843460840651,6.165974928818783,6.165974928818783
UNIMP_SJ,I_MLRTN,1974,10,4.111881741687919,9.533348559358837,9.533348559358837
UNIMP_SJ,I_MLRTN,1974,11,17.688389827038293,22.724154289174763,22.724154289174763
UNIMP_SJ,I_MLRTN,1974,12,61.5879331718727,71.77452799686336,71.77452799686336
UNIMP_SJ,I_MLRTN,1975,1,256.6582697297531,188.24231284557115,188.24231284557115
UNIMP_SJ,I_MLRTN,1975,2,352.9848256737623,236.75768568287668,236.75768568287668
UNIMP_SJ,I_MLRTN,1975,3,458.9108986498105,321.71471344627093,321.71471344627093
UNIMP_SJ,I_MLRTN,1975,4,262.98611756993733,248.24294176560264,248.24294176560264
UNIMP_SJ,I_MLRTN,1975,5,712.4087224229377,678.636611415534,678.636611415534
UNIMP_SJ,I_MLRTN,1975,6,775.2262558126965,623.6394840932912,623.6394840932912
UNIMP_SJ,I_MLRTN,1975,7,235.85936837132863,322.54832484431995,322.54832484431995
UNIMP_SJ,I_MLRTN,1975,8,31.44307331652082,133.84666860618574,133.84666860618574
UNIMP_SJ,I_MLRTN,1975,9,28.08776907191198,76.77603615781138,76.77603615781138
UNIMP_SJ,I_MLRTN,1975,10,6.003286109382763,12.406249893672035,12.406249893672035
UNIMP_SJ,I_MLRTN,1975,11,9.989469621392002,14.793800388171709,14.793800388171709
UNIMP_SJ,I_MLRTN,1975,12,23.07211072255716,33.59828532048147,33.59828532048147
UNIMP_SJ,I_MLRTN,1976,1,60.29322964733488,71.10856919760792,71.10856919760792
UNIMP_SJ,I_MLRTN,1976,2,70.24693040652251,81.02967075276356,81.02967075276356
UNIMP_SJ,I_MLRTN,1976,3,200.86089852605235,145.2521550285008,145.2521550285008
UNIMP_SJ,I_MLRTN,1976,4,261.79666379814205,247.89389489239986,247.89389489239986
UNIMP_SJ,I_MLRTN,1976,5,467.3368499973493,475.5948276780297,475.5948276780297
UNIMP_SJ,I_MLRTN,1976,6,427.32635798794,422.3608606966278,422.3608606966278
UNIMP_SJ,I_MLRTN,1976,7,33.76043165449864,129.54426833929858,129.54426833929858
UNIMP_SJ,I_MLRTN,1976,8,4.618495558848456,29.16718792748907,29.16718792748907
UNIMP_SJ,I_MLRTN,1976,9,3.753448434948035,11.577363514504507,11.577363514504507
UNIMP_SJ,I_MLRTN,1976,10,10.627407669256264,19.513601652062693,19.513601652062693
UNIMP_SJ,I_MLRTN,1976,11,17.84755680222069,23.245292921420955,23.245292921420955
UNIMP_SJ,I_MLRTN,1976,12,16.568129721433607,26.223681963840562,26.223681963840562
UNIMP_SJ,I_MLRTN,1977,1,19.13923029447413,22.722022597211495,22.722022597211495
UNIMP_SJ,I_MLRTN,1977,2,11.676385759816656,8.7655264503736,8.7655264503736
UNIMP_SJ,I_MLRTN,1977,3,65.4739176740395,75.39419013427859,75.39419013427859
UNIMP_SJ,I_MLRTN,1977,4,56.42212931081975,62.32950067388697,62.32950067388697
UNIMP_SJ,I_MLRTN,1977,5,40.60417882159204,59.124939753199,59.124939753199
UNIMP_SJ,I_MLRTN,1977,6,14.887849155210043,56.695417329458884,56.695417329458884
UNIMP_SJ,I_MLRTN,1977,7,5.597681342392131,31.25544119067283,31.25544119067283
UNIMP_SJ,I_MLRTN,1977,8,3.582649205384518,13.355749623818985,13.355749623818985
UNIMP_SJ,I_MLRTN,1977,9,8.512277475501522,36.52290663192099,36.52290663192099
UNIMP_SJ,I_MLRTN,1977,10,7.868044590710885,16.80761592162997,16.80761592162997
UNIMP_SJ,I_MLRTN,1977,11,23.174063171741818,32.03555233408081,32.03555233408081
UNIMP_SJ,I_MLRTN,1977,12,14.434809745236649,19.713754961854885,19.713754961854885
UNIMP_SJ,I_MLRTN,1978,1,91.4990078261717,84.72131832438511,84.72131832438511
UNIMP_SJ,I_MLRTN,1978,2,166.84853553849334,124.875158480439,124.875158480439
UNIMP_SJ,I_MLRTN,1978,3,158.5333347085224,125.92236333267236,125.92236333267236
UNIMP_SJ,I_MLRTN,1978,4,159.41678648653354,165.738700775496,165.738700775496
UNIMP_SJ,I_MLRTN,1978,5,405.4768185585901,432.390913596339,432.390913596339
UNIMP_SJ,I_MLRTN,1978,6,636.6384352299987,561.0844966989947,561.0844966989947
UNIMP_SJ,I_MLRTN,1978,7,105.87833872399888,207.8683013604355,207.8683013604355
UNIMP_SJ,I_MLRTN,1978,8,6.647094531576068,52.05531342037012,52.05531342037012
UNIMP_SJ,I_MLRTN,1978,9,3.637306822827616,11.029558053670256,11.029558053670256
UNIMP_SJ,I_MLRTN,1978,10,9.965675674678709,18.727925780812118,18.727925780812118
UNIMP_SJ,I_MLRTN,1978,11,38.814231497189006,51.42049708902171,51.42049708902171
UNIMP_SJ,I_MLRTN,1978,12,25.3504076779658,36.3085105781693,36.3085105781693
UNIMP_SJ,I_MLRTN,1979,1,109.87859741583068,91.05502382159922,91.05502382159922
UNIMP_SJ,I_MLRTN,1979,2,72.4629187357084,81.47836077295018,81.47836077295018
UNIMP_SJ,I_MLRTN,1979,3,177.4530783329855,135.48596540080717,135.48596540080717
UNIMP_SJ,I_MLRTN,1979,4,247.3218497868372,240.26009383466845,240.26009383466845
UNIMP_SJ,I_MLRTN,1979,5,217.13441655326992,243.3933639266356,243.3933639266356
UNIMP_SJ,I_MLRTN,1979,6,635.9677022516237,560.8860722222298,560.8860722222298
UNIMP_SJ,I_MLRTN,1979,7,48.26529823322658,166.23104166054105,166.23104166054105
UNIMP_SJ,I_MLRTN,1979,8,6.496191046837184,51.570246101993085,51.570246101993085
UNIMP_SJ,I_MLRTN,1979,9,6.217151528351959,26.47812102987823,26.47812102987823
UNIMP_SJ,I_MLRTN,1979,10,9.325180378592318,17.918968162973965,17.918968162973965
UNIMP_SJ,I_MLRTN,1979,11,21.484144322069668,28.999419938583372,28.999419938583372
UNIMP_SJ,I_MLRTN,1979,12,31.2487158813413,47.26170546874742,47.26170546874742
UNIMP_SJ,I_MLRTN,1980,1,45.0745597720033,52.52221295285398,52.52221295285398
UNIMP_SJ,I_MLRTN,1980,2,79.76555201509585,84.1788257552354,84.1788257552354
UNIMP_SJ,I_MLRTN,1980,3,261.43264607874926,198.40660679652726,198.40660679652726
UNIMP_SJ,I_MLRTN,1980,4,213.4633649533497,208.1802311450019,208.1802311450019
UNIMP_SJ,I_MLRTN,1980,5,444.7374478212949,445.3142278167015,445.3142278167015
UNIMP_SJ,I_MLRTN,1980,6,714.0545443921388,593.8206418362977,593.8206418362977
UNIMP_SJ,I_MLRTN,1980,7,77.16513951395481,187.66449506223526,187.66449506223526
UNIMP_SJ,I_MLRTN,1980,8,7.764255124499134,60.674758996998044,60.674758996998044
UNIMP_SJ,I_MLRTN,1980,9,7.077126902975638,31.51293126246788,31.51293126246788
UNIMP_SJ,I_MLRTN,1980,10,24.15948334473861,39.200050134849526,39.200050134849526
UNIMP_SJ,I_MLRTN,1980,11,22.19186550921452,30.730967193529754,30.730967193529754
UNIMP_SJ,I_MLRTN,1980,12,16.802922301658647,26.39305328425576,26.39305328425576
UNIMP_SJ,I_MLRTN,1981,1,20.03752183852336,23.897627185288545,23.897627185288545
UNIMP_SJ,I_MLRTN,1981,2,14.458473343025563,16.925619667601932,16.925619667601932
UNIMP_SJ,I_MLRTN,1981,3,36.8245083382056,36.356298423207534,36.356298423207534
UNIMP_SJ,I_MLRTN,1981,4,94.6887994997748,126.5,126.5
UNIMP_SJ,I_MLRTN,1981,5,279.9578280419272,295.84156450698987,295.84156450698987
UNIMP_SJ,I_MLRTN,1981,6,266.16095664749804,326.8555195601226,326.8555195601226
UNIMP_SJ,I_MLRTN,1981,7,28.621079422250148,118.06632071691729,118.06632071691729
UNIMP_SJ,I_MLRTN,1981,8,5.298625123495619,42.848022681936435,42.848022681936435
UNIMP_SJ,I_MLRTN,1981,9,3.953570028498064,12.81839842630732,12.81839842630732
UNIMP_SJ,I_MLRTN,1981,10,8.250978513107963,17.355281475582526,17.355281475582526
UNIMP_SJ,I_MLRTN,1981,11,27.242655976914968,34.9640851056861,34.9640851056861
UNIMP_SJ,I_MLRTN,1981,12,17.15297218602444,26.841856913797674,26.841856913797674
UNIMP_SJ,I_MLRTN,1982,1,27.84541191483868,32.92355880789294,32.92355880789294
UNIMP_SJ,I_MLRTN,1982,2,21.363494728150904,37.244193280672334,37.244193280672334
UNIMP_SJ,I_MLRTN,1982,3,81.63135750664216,89.8595858303658,89.8595858303658
UNIMP_SJ,I_MLRTN,1982,4,86.30515067671267,124.04388150446492,124.04388150446492
UNIMP_SJ,I_MLRTN,1982,5,295.90182162170964,310.4115877863563,310.4115877863563
UNIMP_SJ,I_MLRTN,1982,6,166.76578895809018,261.3159911853971,261.3159911853971
UNIMP_SJ,I_MLRTN,1982,7,11.83289746298298,64.02472330075774,64.02472330075774
UNIMP_SJ,I_MLRTN,1982,8,3.850672875635916,14.909570384420723,14.909570384420723
UNIMP_SJ,I_MLRTN,1982,9,4.703411733660318,17.223183035220114,17.223183035220114
UNIMP_SJ,I_MLRTN,1982,10,9.567505341990271,18.00042220948692,18.00042220948692
UNIMP_SJ,I_MLRTN,1982,11,10.114526335154546,15.072145443147004,15.072145443147004
UNIMP_SJ,I_MLRTN,1982,12,24.885986580312057,36.1411725794505,36.1411725794505
UNIMP_SJ,I_MLRTN,1983,1,26.16947135121513,29.890298212533025,29.890298212533025
UNIMP_SJ,I_MLRTN,1983,2,86.3269454063804,85.13869792453688,85.13869792453688
UNIMP_SJ,I_MLRTN,1983,3,443.9973159563866,303.48127629738093,303.48127629738093
UNIMP_SJ,I_MLRTN,1983,4,415.25321668973857,364.6683161321875,364.6683161321875
UNIMP_SJ,I_MLRTN,1983,5,608.7403485723632,569.9265247699577,569.9265247699577
UNIMP_SJ,I_MLRTN,1983,6,704.2964005446833,590.0331656093706,590.0331656093706
UNIMP_SJ,I_MLRTN,1983,7,348.4341091206128,386.14694616316217,386.14694616316217
UNIMP_SJ,I_MLRTN,1983,8,26.80259535685219,125.89485915111747,125.89485915111747
UNIMP_SJ,I_MLRTN,1983,9,13.932970866300494,46.10683505313489,46.10683505313489
UNIMP_SJ,I_MLRTN,1983,10,6.1033121372387225,12.46588896688991,12.46588896688991
UNIMP_SJ,I_MLRTN,1983,11,6.525335444412962,10.300000190734863,10.300000190734863
UNIMP_SJ,I_MLRTN,1983,12,5.364462402103844,8.506412378978828,8.506412378978828
UNIMP_SJ,I_MLRTN,1984,1,28.48113262424336,33.400001525878906,33.400001525878906
UNIMP_SJ,I_MLRTN,1984,2,67.0848845393944,69.18696224868752,69.18696224868752
UNIMP_SJ,I_MLRTN,1984,3,113.7011894448564,102.47721173224991,102.47721173224991
UNIMP_SJ,I_MLRTN,1984,4,301.7923310528825,275.7378082295496,275.7378082295496
UNIMP_SJ,I_MLRTN,1984,5,175.63660269388325,237.89920117359915,237.89920117359915
UNIMP_SJ,I_MLRTN,1984,6,46.179018913063146,144.99675412826724,144.99675412826724
UNIMP_SJ,I_MLRTN,1984,7,6.813892995216462,42.62160389935481,42.62160389935481
UNIMP_SJ,I_MLRTN,1984,8,3.4779050625275203,11.641636238075659,11.641636238075659
UNIMP_SJ,I_MLRTN,1984,9,67.6576588109367,169.82843205663332,169.82843205663332
UNIMP_SJ,I_MLRTN,1984,10,4.345927029479781,9.667175517131051,9.667175517131051
UNIMP_SJ,I_MLRTN,1984,11,4.949690199688678,10.097651227261952,10.097651227261952
UNIMP_SJ,I_MLRTN,1984,12,58.42408397606845,69.68081555125146,69.68081555125146
UNIMP_SJ,I_MLRTN,1985,1,44.751515167590895,47.987422494478785,47.987422494478785
UNIMP_SJ,I_MLRTN,1985,2,28.352384329712045,42.49048121654225,42.49048121654225
UNIMP_SJ,I_MLRTN,1985,3,57.73353669352156,74.432672572827,74.432672572827
UNIMP_SJ,I_MLRTN,1985,4,125.46072719039044,144.81452094286485,144.81452094286485
UNIMP_SJ,I_MLRTN,1985,5,335.3491001485129,326.29832447205615,326.29832447205615
UNIMP_SJ,I_MLRTN,1985,6,276.5217104198925,334.1757604411408,334.1757604411408
UNIMP_SJ,I_MLRTN,1985,7,23.83239640537013,106.03061017735982,106.03061017735982
UNIMP_SJ,I_MLRTN,1985,8,4.899316636206523,36.78623488474352,36.78623488474352
UNIMP_SJ,I_MLRTN,1985,9,3.777569459513842,11.593876068488402,11.593876068488402
UNIMP_SJ,I_MLRTN,1985,10,3.353666607424066,5.934891218249143,5.934891218249143
UNIMP_SJ,I_MLRTN,1985,11,25.046570527042046,33.66608278210492,33.66608278210492
UNIMP_SJ,I_MLRTN,1985,12,12.137156402939484,15.996173766464826,15.996173766464826
UNIMP_SJ,I_MLRTN,1986,1,25.23125580675727,26.957558518710947,26.957558518710947
UNIMP_SJ,I_MLRTN,1986,2,19.77534632635444,32.425087484820665,32.425087484820665
UNIMP_SJ,I_MLRTN,1986,3,83.00655418713013,90.19669209164192,90.19669209164192
UNIMP_SJ,I_MLRTN,1986,4,77.09975530813124,101.07525423077925,101.07525423077925
UNIMP_SJ,I_MLRTN,1986,5,267.3345576305304,293.7646894394937,293.7646894394937
UNIMP_SJ,I_MLRTN,1986,6,166.67376031684395,261.2359999872052,261.2359999872052
UNIMP_SJ,I_MLRTN,1986,7,11.26171919272696,63.303456370165314,63.303456370165314
UNIMP_SJ,I_MLRTN,1986,8,3.861051407940488,14.922446410029433,14.922446410029433
UNIMP_SJ,I_MLRTN,1986,9,4.708807761756812,17.25833277627891,17.25833277627891
UNIMP_SJ,I_MLRTN,1986,10,9.572145268787066,18.002876474106667,18.002876474106667
UNIMP_SJ,I_MLRTN,1986,11,9.96366871494478,14.765818323757015,14.765818323757015
UNIMP_SJ,I_MLRTN,1986,12,53.07846543957686,61.16553673929654,61.16553673929654
UNIMP_SJ,I_MLRTN,1987,1,27.36317038405112,31.224477642345676,31.224477642345676
UNIMP_SJ,I_MLRTN,1987,2,112.50025171439884,101.00109881466815,101.00109881466815
UNIMP_SJ,I_MLRTN,1987,3,311.77358628735345,210.333784118588,210.333784118588
UNIMP_SJ,I_MLRTN,1987,4,461.14921831904553,381.9973993341342,381.9973993341342
UNIMP_SJ,I_MLRTN,1987,5,615.6847134806724,581.7634121414457,581.7634121414457
UNIMP_SJ,I_MLRTN,1987,6,835.6172338551182,641.2062416800449,641.2062416800449
UNIMP_SJ,I_MLRTN,1987,7,460.1775908693797,462.8246846211777,462.8246846211777
UNIMP_SJ,I_MLRTN,1987,8,42.30669993165795,148.65177122969695,148.65177122969695
UNIMP_SJ,I_MLRTN,1987,9,16.96608151477374,66.4353584138812,66.4353584138812
UNIMP_SJ,I_MLRTN,1987,10,7.056707126873113,14.616822151059768,14.616822151059768
UNIMP_SJ,I_MLRTN,1987,11,7.844681401196882,13.328113495131676,13.328113495131676
UNIMP_SJ,I_MLRTN,1987,12,6.190061796528472,9.177357919246553,9.177357919246553
UNIMP_SJ,I_MLRTN,1988,1,27.532525826510568,31.40393829480445,31.40393829480445
UNIMP_SJ,I_MLRTN,1988,2,77.17060697500118,83.76267390046065,83.76267390046065
UNIMP_SJ,I_MLRTN,1988,3,147.0341401729027,111.58337729752638,111.58337729752638
UNIMP_SJ,I_MLRTN,1988,4,399.6873910708453,354.3595561306076,354.3595561306076
UNIMP_SJ,I_MLRTN,1988,5,235.0274727780544,258.526049949152,258.526049949152
UNIMP_SJ,I_MLRTN,1988,6,57.6102461586207,148.2910766734307,148.2910766734307
UNIMP_SJ,I_MLRTN,1988,7,7.280020084870267,43.9200333131151,43.9200333131151
UNIMP_SJ,I_MLRTN,1988,8,3.51731498316305,12.561626595128704,12.561626595128704
UNIMP_SJ,I_MLRTN,1988,9,58.70603956113476,161.73304015195794,161.73304015195794
UNIMP_SJ,I_MLRTN,1988,10,4.293542539794005,9.61189883456161,9.61189883456161
UNIMP_SJ,I_MLRTN,1988,11,21.86424649364888,30.222738864447944,30.222738864447944
UNIMP_SJ,I_MLRTN,1988,12,12.695336443749849,16.469060872209578,16.469060872209578
UNIMP_SJ,I_MLRTN,1989,1,23.02355431866824,26.31859021757322,26.31859021757322
UNIMP_SJ,I_MLRTN,1989,2,46.94920588773219,54.706072466664224,54.706072466664224
UNIMP_SJ,I_MLRTN,1989,3,91.5012534658151,91.78804739776925,91.78804739776925
UNIMP_SJ,I_MLRTN,1989,4,307.4537248602192,275.8647784184509,275.8647784184509
UNIMP_SJ,I_MLRTN,1989,5,286.7240184736504,296.95478887370314,296.95478887370314
UNIMP_SJ,I_MLRTN,1989,6,96.66618348795012,176.23514102611662,176.23514102611662
UNIMP_SJ,I_MLRTN,1989,7,9.726398188364108,55.27096257279405,55.27096257279405
UNIMP_SJ,I_MLRTN,1989,8,4.112396217338301,16.921571665071546,16.921571665071546
UNIMP_SJ,I_MLRTN,1989,9,3.496425850247772,10.597412839571424,10.597412839571424
UNIMP_SJ,I_MLRTN,1989,10,5.124207592433668,10.66170876478341,10.66170876478341
UNIMP_SJ,I_MLRTN,1989,11,20.41154816228173,27.663985696326854,27.663985696326854
UNIMP_SJ,I_MLRTN,1989,12,26.470333828300472,40.85075775097589,40.85075775097589
UNIMP_SJ,I_MLRTN,1990,1,18.810142285740884,22.40377071790735,22.40377071790735
UNIMP_SJ,I_MLRTN,1990,2,25.464328020024137,40.523468440244706,40.523468440244706
UNIMP_SJ,I_MLRTN,1990,3,28.459944263886005,23.331190931591944,23.331190931591944
UNIMP_SJ,I_MLRTN,1990,4,62.73821877187616,69.34968698555484,69.34968698555484
UNIMP_SJ,I_MLRTN,1990,5,84.95224071707491,164.40204760068812,164.40204760068812
UNIMP_SJ,I_MLRTN,1990,6,35.71901929344959,120.67913821468358,120.67913821468358
UNIMP_SJ,I_MLRTN,1990,7,6.173949620113599,36.64912496718391,36.64912496718391
UNIMP_SJ,I_MLRTN,1990,8,4.58399281165705,28.81208697192269,28.81208697192269
UNIMP_SJ,I_MLRTN,1990,9,5.268063381571693,20.4097919884552,20.4097919884552
UNIMP_SJ,I_MLRTN,1990,10,7.501550696417727,16.453553933729225,16.453553933729225
UNIMP_SJ,I_MLRTN,1990,11,7.635209699353703,13.259743441510794,13.259743441510794
UNIMP_SJ,I_MLRTN,1990,12,21.52181685108156,32.94111170314215,32.94111170314215
UNIMP_SJ,I_MLRTN,1991,1,21.629169986394636,25.201567510404853,25.201567510404853
UNIMP_SJ,I_MLRTN,1991,2,253.809954810128,171.70807705174653,171.70807705174653
UNIMP_SJ,I_MLRTN,1991,3,224.17057160352525,165.99164470005618,165.99164470005618
UNIMP_SJ,I_MLRTN,1991,4,548.4974605755083,500.90001963738746,500.90001963738746
UNIMP_SJ,I_MLRTN,1991,5,352.5572453092863,365.63944157131584,365.63944157131584
UNIMP_SJ,I_MLRTN,1991,6,331.708315598925,348.1630783047602,348.1630783047602
UNIMP_SJ,I_MLRTN,1991,7,81.73300275009761,189.07174196130165,189.07174196130165
UNIMP_SJ,I_MLRTN,1991,8,7.039464067513626,53.44560757045607,53.44560757045607
UNIMP_SJ,I_MLRTN,1991,9,3.523853418070628,10.767273371541812,10.767273371541812
UNIMP_SJ,I_MLRTN,1991,10,3.2958411910051324,5.859089542681751,5.859089542681751
UNIMP_SJ,I_MLRTN,1991,11,3.13048699746018,5.728823773207484,5.728823773207484
UNIMP_SJ,I_MLRTN,1991,12,5.467216377081726,8.572783169454127,8.572783169454127
UNIMP_SJ,I_MLRTN,1992,1,3.338746358525271,9.787031553176073,9.787031553176073
UNIMP_SJ,I_MLRTN,1992,2,377.01633019971615,248.86801881036342,248.86801881036342
UNIMP_SJ,I_MLRTN,1992,3,32.6483945408853,25.68145450106652,25.68145450106652
UNIMP_SJ,I_MLRTN,1992,4,132.16855294505604,147.3787603283953,147.3787603283953
UNIMP_SJ,I_MLRTN,1992,5,409.1164922543192,433.5179914579839,433.5179914579839
UNIMP_SJ,I_MLRTN,1992,6,285.8343937858156,337.5685287093422,337.5685287093422
UNIMP_SJ,I_MLRTN,1992,7,85.9047174112179,190.3569451771513,190.3569451771513
UNIMP_SJ,I_MLRTN,1992,8,7.061281706354609,53.524714060865946,53.524714060865946
UNIMP_SJ,I_MLRTN,1992,9,6.052371913440986,26.316851734443325,26.316851734443325
UNIMP_SJ,I_MLRTN,1992,10,9.70059913470476,18.703334016339078,18.703334016339078
UNIMP_SJ,I_MLRTN,1992,11,47.81072548200512,57.175079568997496,57.175079568997496
UNIMP_SJ,I_MLRTN,1992,12,13.88012356003022,19.31055033410179,19.31055033410179
UNIMP_SJ,I_MLRTN,1993,1,24.357384909359244,26.671792024413616,26.671792024413616
UNIMP_SJ,I_MLRTN,1993,2,72.89671613096233,81.56619542418451,81.56619542418451
UNIMP_SJ,I_MLRTN,1993,3,116.46436237974336,106.47839666037095,106.47839666037095
UNIMP_SJ,I_MLRTN,1993,4,352.21669279311004,310.31935423200133,310.31935423200133
UNIMP_SJ,I_MLRTN,1993,5,278.5005428642381,295.6018010262803,295.6018010262803
UNIMP_SJ,I_MLRTN,1993,6,100.94254790034078,180.52646705632353,180.52646705632353
UNIMP_SJ,I_MLRTN,1993,7,10.317640884478708,55.330440280529,55.330440280529
UNIMP_SJ,I_MLRTN,1993,8,4.103155184861098,16.90940390325482,16.90940390325482
UNIMP_SJ,I_MLRTN,1993,9,3.552378933483287,10.84468476104777,10.84468476104777
UNIMP_SJ,I_MLRTN,1993,10,5.04435669845221,10.634507667317767,10.634507667317767
UNIMP_SJ,I_MLRTN,1993,11,3.6439328892543936,8.47770621497875,8.47770621497875
UNIMP_SJ,I_MLRTN,1993,12,19.357398654311535,31.91641611393762,31.91641611393762
UNIMP_SJ,I_MLRTN,1994,1,30.502650185160142,36.491221124270695,36.491221124270695
UNIMP_SJ,I_MLRTN,1994,2,24.83665702748332,39.892936768931065,39.892936768931065
UNIMP_SJ,I_MLRTN,1994,3,26.241569588348984,22.086395162619628,22.086395162619628
UNIMP_SJ,I_MLRTN,1994,4,45.00047242543757,35.53395272686353,35.53395272686353
UNIMP_SJ,I_MLRTN,1994,5,87.87915400982484,164.64069434118994,164.64069434118994
UNIMP_SJ,I_MLRTN,1994,6,44.955352073266326,143.70684318886734,143.70684318886734
UNIMP_SJ,I_MLRTN,1994,7,13.764795735040437,67.83436384547201,67.83436384547201
UNIMP_SJ,I_MLRTN,1994,8,5.581611237591288,45.36019351767757,45.36019351767757
UNIMP_SJ,I_MLRTN,1994,9,5.854548585142893,25.010133206114507,25.010133206114507
UNIMP_SJ,I_MLRTN,1994,10,6.394496877659638,12.737268418100681,12.737268418100681
UNIMP_SJ,I_MLRTN,1994,11,20.17730520693852,27.4077552669086,27.4077552669086
UNIMP_SJ,I_MLRTN,1994,12,23.75822434782369,34.84692834281632,34.84692834281632
UNIMP_SJ,I_MLRTN,1995,1,23.11215509748738,26.338470488348964,26.338470488348964
UNIMP_SJ,I_MLRTN,1995,2,283.1737594428741,196.6109843099981,196.6109843099981
UNIMP_SJ,I_MLRTN,1995,3,201.74513062791232,146.00294996546603,146.00294996546603
UNIMP_SJ,I_MLRTN,1995,4,534.706113837914,498.49745940385316,498.49745940385316
UNIMP_SJ,I_MLRTN,1995,5,462.7514721255588,464.29777543964803,464.29777543964803
UNIMP_SJ,I_MLRTN,1995,6,197.62360689282275,278.83323086318427,278.83323086318427
UNIMP_SJ,I_MLRTN,1995,7,40.06148846806057,161.9623276151592,161.9623276151592
UNIMP_SJ,I_MLRTN,1995,8,5.996102252645134,49.83757507005497,49.83757507005497
UNIMP_SJ,I_MLRTN,1995,9,3.411806073839108,8.549372244428854,8.549372244428854
UNIMP_SJ,I_MLRTN,1995,10,3.2124173086798224,4.9230510434494725,4.9230510434494725
UNIMP_SJ,I_MLRTN,1995,11,3.0632324722727065,5.663143423853334,5.663143423853334
UNIMP_SJ,I_MLRTN,1995,12,5.392218576541303,8.524340631763025,8.524340631763025
UNIMP_SJ,I_MLRTN,1996,1,3.2582997917532235,9.787031553176073,9.787031553176073
UNIMP_SJ,I_MLRTN,1996,2,425.5444074207021,312.88424757148454,312.88424757148454
UNIMP_SJ,I_MLRTN,1996,3,31.175894619852244,24.855191159834366,24.855191159834366
UNIMP_SJ,I_MLRTN,1996,4,130.9569834768372,146.0978993979642,146.0978993979642
UNIMP_SJ,I_MLRTN,1996,5,340.39605347698864,350.1602742291945,350.1602742291945
UNIMP_SJ,I_MLRTN,1996,6,362.3831334478834,364.00491974345437,364.00491974345437
UNIMP_SJ,I_MLRTN,1996,7,155.14280648117568,266.5353048376782,266.5353048376782
UNIMP_SJ,I_MLRTN,1996,8,9.739008662812354,69.76049051397618,69.76049051397618
UNIMP_SJ,I_MLRTN,1996,9,6.33855176733713,26.59693506532398,26.59693506532398
UNIMP_SJ,I_MLRTN,1996,10,10.08591437827695,18.739080603791635,18.739080603791635
UNIMP_SJ,I_MLRTN,1996,11,52.03362310858873,57.96846094344949,57.96846094344949
UNIMP_SJ,I_MLRTN,1996,12,14.672055390814418,19.974990843887976,19.974990843887976
UNIMP_SJ,I_MLRTN,1997,1,16.062508578443282,17.378291803878817,17.378291803878817
UNIMP_SJ,I_MLRTN,1997,2,18.77996170449159,30.032697174328103,30.032697174328103
UNIMP_SJ,I_MLRTN,1997,3,141.71221723398725,111.34778551636533,111.34778551636533
UNIMP_SJ,I_MLRTN,1997,4,149.95610299833075,160.64412423710814,160.64412423710814
UNIMP_SJ,I_MLRTN,1997,5,180.6341053959038,239.88928641920404,239.88928641920404
UNIMP_SJ,I_MLRTN,1997,6,69.18528329846225,151.91144317301865,151.91144317301865
UNIMP_SJ,I_MLRTN,1997,7,8.813957576604798,50.745179025676435,50.745179025676435
UNIMP_SJ,I_MLRTN,1997,8,4.396317052032091,24.51635687861938,24.51635687861938
UNIMP_SJ,I_MLRTN,1997,9,3.5999400886692934,10.933777077917213,10.933777077917213
UNIMP_SJ,I_MLRTN,1997,10,39.85197842556591,56.57013134946957,56.57013134946957
UNIMP_SJ,I_MLRTN,1997,11,18.42718795429994,25.708042755325714,25.708042755325714
UNIMP_SJ,I_MLRTN,1997,12,21.320130116782465,32.92077028628934,32.92077028628934
UNIMP_SJ,I_MLRTN,1998,1,273.3397201453654,196.24906678060267,196.24906678060267
UNIMP_SJ,I_MLRTN,1998,2,256.5989335189207,173.99421124326943,173.99421124326943
UNIMP_SJ,I_MLRTN,1998,3,317.35940138437985,210.53055312572602,210.53055312572602
UNIMP_SJ,I_MLRTN,1998,4,292.8430585524622,275.5370995598162,275.5370995598162
UNIMP_SJ,I_MLRTN,1998,5,550.8588154275758,522.13341336899,522.13341336899
UNIMP_SJ,I_MLRTN,1998,6,1287.4361956392338,1295.96778309656,1295.96778309656
UNIMP_SJ,I_MLRTN,1998,7,950.3391360663122,1475.6448478972613,1475.6448478972613
UNIMP_SJ,I_MLRTN,1998,8,101.21397934627136,252.7861022185238,252.7861022185238
UNIMP_SJ,I_MLRTN,1998,9,13.18207768630444,45.620968821439,45.620968821439
UNIMP_SJ,I_MLRTN,1998,10,5.714617744415139,12.302345213723276,12.302345213723276
UNIMP_SJ,I_MLRTN,1998,11,21.59260675062133,29.155285902218484,29.155285902218484
UNIMP_SJ,I_MLRTN,1998,12,38.13911358306763,50.16364474038869,50.16364474038869
UNIMP_SJ,I_MLRTN,1999,1,163.2548671419963,149.10384773754782,149.10384773754782
UNIMP_SJ,I_MLRTN,1999,2,110.40051996411574,100.91915752850859,100.91915752850859
UNIMP_SJ,I_MLRTN,1999,3,263.2564494062313,199.07246708641406,199.07246708641406
UNIMP_SJ,I_MLRTN,1999,4,608.0375750951787,511.272372255794,511.272372255794
UNIMP_SJ,I_MLRTN,1999,5,619.2491364893569,587.8390827398695,587.8390827398695
UNIMP_SJ,I_MLRTN,1999,6,891.4550391763036,659.6779561809976,659.6779561809976
UNIMP_SJ,I_MLRTN,1999,7,1137.5088012142803,1475.6448478972613,1475.6448478972613
UNIMP_SJ,I_MLRTN,1999,8,97.97606283597904,251.2582839930479,251.2582839930479
UNIMP_SJ,I_MLRTN,1999,9,10.106552590495292,42.119727540175035,42.119727540175035
UNIMP_SJ,I_MLRTN,1999,10,8.532128437320285,17.557414936693455,17.557414936693455
UNIMP_SJ,I_MLRTN,1999,11,9.675445103723453,14.574081364618436,14.574081364618436
UNIMP_SJ,I_MLRTN,1999,12,16.730228111991547,26.299851093292858,26.299851093292858
UNIMP_SJ,I_MLRTN,2000,1,12.909884039213528,16.005256179836135,16.005256179836135
UNIMP_SJ,I_MLRTN,2000,2,28.576330466967693,42.93801168038713,42.93801168038713
UNIMP_SJ,I_MLRTN,2000,3,61.897799570504965,74.94996130794202,74.94996130794202
UNIMP_SJ,I_MLRTN,2000,4,97.0696818692225,126.5,126.5
UNIMP_SJ,I_MLRTN,2000,5,214.4561626432813,242.81213691795315,242.81213691795315
UNIMP_SJ,I_MLRTN,2000,6,36.77050258860046,121.37162622990732,121.37162622990732
UNIMP_SJ,I_MLRTN,2000,7,6.529451751915637,40.49942337722774,40.49942337722774
UNIMP_SJ,I_MLRTN,2000,8,3.5332442589665445,12.703237950578222,12.703237950578222
UNIMP_SJ,I_MLRTN,2000,9,4.078944670344158,13.514940583603922,13.514940583603922
UNIMP_SJ,I_MLRTN,2000,10,3.373382985646869,5.949991525121231,5.949991525121231
UNIMP_SJ,I_MLRTN,2000,11,10.85883204365437,15.79674104325116,15.79674104325116
UNIMP_SJ,I_MLRTN,2000,12,4.034562935818007,7.428227355362003,7.428227355362003
UNIMP_SJ,I_MLRTN,2001,1,7.150401866775648,9.787031553176073,9.787031553176073
UNIMP_SJ,I_MLRTN,2001,2,4.889813751121903,8.171258111718243,8.171258111718243
UNIMP_SJ,I_MLRTN,2001,3,25.90800669667152,21.899223139414957,21.899223139414957
UNIMP_SJ,I_MLRTN,2001,4,28.829312674638253,21.343348068512363,21.343348068512363
UNIMP_SJ,I_MLRTN,2001,5,88.81251211878246,164.71679597049868,164.71679597049868
UNIMP_SJ,I_MLRTN,2001,6,64.65362138670123,150.77073145223628,150.77073145223628
UNIMP_SJ,I_MLRTN,2001,7,10.524055016342889,55.351205085723315,55.351205085723315
UNIMP_SJ,I_MLRTN,2001,8,4.023500139158678,16.145886540419003,16.145886540419003
UNIMP_SJ,I_MLRTN,2001,9,3.531069654052405,10.80370776447073,10.80370776447073
UNIMP_SJ,I_MLRTN,2001,10,7.706630824705242,16.651677501491413,16.651677501491413
UNIMP_SJ,I_MLRTN,2001,11,27.817985477749037,36.905203183947684,36.905203183947684
UNIMP_SJ,I_MLRTN,2001,12,15.6821473752804,23.938932626159694,23.938932626159694
UNIMP_SJ,I_MLRTN,2002,1,27.45051284188132,31.26387977711437,31.26387977711437
UNIMP_SJ,I_MLRTN,2002,2,20.79251856916205,36.37034128991688,36.37034128991688
UNIMP_SJ,I_MLRTN,2002,3,87.58480267208135,90.8702647642006,90.8702647642006
UNIMP_SJ,I_MLRTN,2002,4,76.56259549418463,100.28689746433122,100.28689746433122
UNIMP_SJ,I_MLRTN,2002,5,322.0087604496631,322.39845765307285,322.39845765307285
UNIMP_SJ,I_MLRTN,2002,6,174.708068598084,263.97144991374586,263.97144991374586
UNIMP_SJ,I_MLRTN,2002,7,15.78872748738366,74.70669697812424,74.70669697812424
UNIMP_SJ,I_MLRTN,2002,8,4.230605066757696,19.374119009944373,19.374119009944373
UNIMP_SJ,I_MLRTN,2002,9,4.841842532060478,18.54431429599102,18.54431429599102
UNIMP_SJ,I_MLRTN,2002,10,9.39705952433964,17.924545308755192,17.924545308755192
UNIMP_SJ,I_MLRTN,2002,11,9.577203846069628,14.55526587982224,14.55526587982224
UNIMP_SJ,I_MLRTN,2002,12,53.74373875040079,64.12468645296946,64.12468645296946
UNIMP_SJ,I_MLRTN,2003,1,24.54101973237893,26.731842862313695,26.731842862313695
UNIMP_SJ,I_MLRTN,2003,2,74.33734886921032,83.30830373170464,83.30830373170464
UNIMP_SJ,I_MLRTN,2003,3,147.0859350065684,111.58567015994817,111.58567015994817
UNIMP_SJ,I_MLRTN,2003,4,162.9270600716732,169.12888680465167,169.12888680465167
UNIMP_SJ,I_MLRTN,2003,5,389.9510818792119,381.1912000740506,381.1912000740506
UNIMP_SJ,I_MLRTN,2003,6,137.7353323672284,222.96380765950641,222.96380765950641
UNIMP_SJ,I_MLRTN,2003,7,26.959023965040373,114.8985566615761,114.8985566615761
UNIMP_SJ,I_MLRTN,2003,8,6.439890255747057,51.40456941060173,51.40456941060173
UNIMP_SJ,I_MLRTN,2003,9,22.982922566367066,69.68712023070675,69.68712023070675
UNIMP_SJ,I_MLRTN,2003,10,5.324079836937579,10.744832560533021,10.744832560533021
UNIMP_SJ,I_MLRTN,2003,11,13.773202727972771,18.76441599670391,18.76441599670391
UNIMP_SJ,I_MLRTN,2003,12,15.233123052974214,21.287688144828028,21.287688144828028
UNIMP_SJ,I_MLRTN,2004,1,35.146363719292125,42.45964187139404,42.45964187139404
UNIMP_SJ,I_MLRTN,2004,2,70.71204708867084,81.12384688661484,81.12384688661484
UNIMP_SJ,I_MLRTN,2004,3,160.98277784250877,126.3470797279178,126.3470797279178
UNIMP_SJ,I_MLRTN,2004,4,334.16008002112875,302.82683509291655,302.82683509291655
UNIMP_SJ,I_MLRTN,2004,5,191.74907214282675,240.29426101606518,240.29426101606518
UNIMP_SJ,I_MLRTN,2004,6,42.42852264219145,129.87973599621725,129.87973599621725
UNIMP_SJ,I_MLRTN,2004,7,7.271090135014313,43.9005406309848,43.9005406309848
UNIMP_SJ,I_MLRTN,2004,8,3.5046781922735977,12.449285449902574,12.449285449902574
UNIMP_SJ,I_MLRTN,2004,9,66.06152995693151,168.53107183854758,168.53107183854758
UNIMP_SJ,I_MLRTN,2004,10,4.348796934982956,9.6702038725938,9.6702038725938
UNIMP_SJ,I_MLRTN,2004,11,22.91022775734488,31.724857495070424,31.724857495070424
UNIMP_SJ,I_MLRTN,2004,12,62.31987969398594,72.09667272180928,72.09667272180928
UNIMP_SJ,I_MLRTN,2005,1,86.51468975624022,83.5227596604425,83.5227596604425
UNIMP_SJ,I_MLRTN,2005,2,388.979997388145,268.3787109389255,268.3787109389255
UNIMP_SJ,I_MLRTN,2005,3,461.8163457109001,325.26693074152655,325.26693074152655
UNIMP_SJ,I_MLRTN,2005,4,344.30822142330607,307.0468104691654,307.0468104691654
UNIMP_SJ,I_MLRTN,2005,5,576.7314122156994,542.0050242575506,542.0050242575506
UNIMP_SJ,I_MLRTN,2005,6,420.3474072214015,413.18213812742215,413.18213812742215
UNIMP_SJ,I_MLRTN,2005,7,161.53631588020394,266.79249341200904,266.79249341200904
UNIMP_SJ,I_MLRTN,2005,8,9.300267751330791,68.9231297160273,68.9231297160273
UNIMP_SJ,I_MLRTN,2005,9,3.690635839149474,11.513413769565977,11.513413769565977
UNIMP_SJ,I_MLRTN,2005,10,3.3975712749252707,5.968516762702252,5.968516762702252
UNIMP_SJ,I_MLRTN,2005,11,124.06094902196152,148.46411584522528,148.46411584522528
UNIMP_SJ,I_MLRTN,2005,12,46.124784062501774,57.57522108890996,57.57522108890996
UNIMP_SJ,I_MLRTN,2006,1,589.6325309250208,555.7131192419951,555.7131192419951
UNIMP_SJ,I_MLRTN,2006,2,363.124996100666,240.92511684241632,240.92511684241632
UNIMP_SJ,I_MLRTN,2006,3,199.5285787998897,144.1208922042743,144.1208922042743
UNIMP_SJ,I_MLRTN,2006,4,356.4254098394423,315.2138341228503,315.2138341228503
UNIMP_SJ,I_MLRTN,2006,5,302.2638062471989,315.6127268119561,315.6127268119561
UNIMP_SJ,I_MLRTN,2006,6,415.6627048125853,411.5577547252741,411.5577547252741
UNIMP_SJ,I_MLRTN,2006,7,198.59419873797967,310.6597664345038,310.6597664345038
UNIMP_SJ,I_MLRTN,2006,8,14.270492851816211,79.49779290356918,79.49779290356918
UNIMP_SJ,I_MLRTN,2006,9,4.837058043101011,18.532775813371167,18.532775813371167
UNIMP_SJ,I_MLRTN,2006,10,4.935869854197446,10.60366874783091,10.60366874783091
UNIMP_SJ,I_MLRTN,2006,11,6.7326655584136175,10.462493527083518,10.462493527083518
UNIMP_SJ,I_MLRTN,2006,12,43.65940710222995,56.99624179123062,56.99624179123062
UNIMP_SJ,I_MLRTN,2007,1,88.28141961139808,83.94759799239404,83.94759799239404
UNIMP_SJ,I_MLRTN,2007,2,291.92490725778106,197.4354572892754,197.4354572892754
UNIMP_SJ,I_MLRTN,2007,3,221.86078223551849,164.15012025400583,164.15012025400583
UNIMP_SJ,I_MLRTN,2007,4,324.7618163201842,288.7006695640333,288.7006695640333
UNIMP_SJ,I_MLRTN,2007,5,362.4829320325078,373.07331983892567,373.07331983892567
UNIMP_SJ,I_MLRTN,2007,6,663.3503438782933,568.9867419557652,568.9867419557652
UNIMP_SJ,I_MLRTN,2007,7,926.2333601361922,1240.1810624039892,1240.1810624039892
UNIMP_SJ,I_MLRTN,2007,8,113.10490939895578,258.3968644462103,258.3968644462103
UNIMP_SJ,I_MLRTN,2007,9,9.25377904073132,40.52220188481261,40.52220188481261
UNIMP_SJ,I_MLRTN,2007,10,6.692131300491328,13.25627033005954,13.25627033005954
UNIMP_SJ,I_MLRTN,2007,11,8.216807965558639,13.875291966989197,13.875291966989197
UNIMP_SJ,I_MLRTN,2007,12,19.199437946366523,31.81196262984565,31.81196262984565
UNIMP_SJ,I_MLRTN,2008,1,57.42148479360439,65.2931066277269,65.2931066277269
UNIMP_SJ,I_MLRTN,2008,2,69.90067993898475,78.57686918131868,78.57686918131868
UNIMP_SJ,I_MLRTN,2008,3,88.6145067405209,91.02175949490453,91.02175949490453
UNIMP_SJ,I_MLRTN,2008,4,206.15254839272947,205.51318443008321,205.51318443008321
UNIMP_SJ,I_MLRTN,2008,5,336.7559359632993,329.99104171106876,329.99104171106876
UNIMP_SJ,I_MLRTN,2008,6,471.44202778413967,462.4555689618967,462.4555689618967
UNIMP_SJ,I_MLRTN,2008,7,62.1849064691052,181.1760710938773,181.1760710938773
UNIMP_SJ,I_MLRTN,2008,8,5.109716541783065,41.91665300144425,41.91665300144425
UNIMP_SJ,I_MLRTN,2008,9,4.19835623018754,14.761971952825835,14.761971952825835
UNIMP_SJ,I_MLRTN,2008,10,3.4966822049886344,6.896723624664308,6.896723624664308
UNIMP_SJ,I_MLRTN,2008,11,6.852413836377266,10.62941129457094,10.62941129457094
UNIMP_SJ,I_MLRTN,2008,12,3.541036014023572,7.333160311201092,7.333160311201092
UNIMP_SJ,I_MLRTN,2009,1,3.692668193990491,9.787031553176073,9.787031553176073
UNIMP_SJ,I_MLRTN,2009,2,5.142280380333849,8.171258111718243,8.171258111718243
UNIMP_SJ,I_MLRTN,2009,3,14.633903525945495,3.8443303109201317,3.8443303109201317
UNIMP_SJ,I_MLRTN,2009,4,29.54690151697796,21.894545129291252,21.894545129291252
UNIMP_SJ,I_MLRTN,2009,5,22.79630273712103,43.4775848618976,43.4775848618976
UNIMP_SJ,I_MLRTN,2009,6,18.077724904476984,58.035390964506576,58.035390964506576
UNIMP_SJ,I_MLRTN,2009,7,4.84865552093126,16.26705397392524,16.26705397392524
UNIMP_SJ,I_MLRTN,2009,8,3.5315353351572045,12.688045607876273,12.688045607876273
UNIMP_SJ,I_MLRTN,2009,9,4.142404097328383,14.33037510081675,14.33037510081675
UNIMP_SJ,I_MLRTN,2009,10,2.950754716093623,3.2758097092806517,3.2758097092806517
UNIMP_SJ,I_MLRTN,2009,11,19.34943958971372,26.49349887710353,26.49349887710353
UNIMP_SJ,I_MLRTN,2009,12,213.8462789845157,220.82421913818592,220.82421913818592
UNIMP_SJ,I_MLRTN,2010,1,232.47851836398968,166.13689858514965,166.13689858514965
UNIMP_SJ,I_MLRTN,2010,2,138.5089428957389,111.3676414139551,111.3676414139551
UNIMP_SJ,I_MLRTN,2010,3,97.34077430135524,95.79098485469096,95.79098485469096
UNIMP_SJ,I_MLRTN,2010,4,141.83474984280411,152.22230186232687,152.22230186232687
UNIMP_SJ,I_MLRTN,2010,5,240.7289250288025,263.95532548939116,263.95532548939116
UNIMP_SJ,I_MLRTN,2010,6,247.8175655668444,318.5851171261281,318.5851171261281
UNIMP_SJ,I_MLRTN,2010,7,107.27988256908952,209.21450820764815,209.21450820764815
UNIMP_SJ,I_MLRTN,2010,8,10.03725426871024,70.32970841001436,70.32970841001436
UNIMP_SJ,I_MLRTN,2010,9,4.117231757447496,13.96785143697088,13.96785143697088
UNIMP_SJ,I_MLRTN,2010,10,4.342644563195062,9.663711823049965,9.663711823049965
UNIMP_SJ,I_MLRTN,2010,11,52.26911421237052,58.012704084560326,58.012704084560326
UNIMP_SJ,I_MLRTN,2010,12,22.49205353288424,33.42081957431307,33.42081957431307
UNIMP_SJ,I_MLRTN,2011,1,36.89967356742971,43.1127890421244,43.1127890421244
UNIMP_SJ,I_MLRTN,2011,2,36.80853870295305,49.84009993387816,49.84009993387816
UNIMP_SJ,I_MLRTN,2011,3,57.278917553442426,74.37619934650154,74.37619934650154
UNIMP_SJ,I_MLRTN,2011,4,229.1958837648565,231.42766540406402,231.42766540406402
UNIMP_SJ,I_MLRTN,2011,5,176.61789245013978,238.28996639815816,238.28996639815816
UNIMP_SJ,I_MLRTN,2011,6,192.8289585839699,278.1428097542133,278.1428097542133
UNIMP_SJ,I_MLRTN,2011,7,26.62847238981289,114.82126507616398,114.82126507616398
UNIMP_SJ,I_MLRTN,2011,8,4.998981119447776,39.792004767402936,39.792004767402936
UNIMP_SJ,I_MLRTN,2011,9,3.782561901558476,11.594328897675748,11.594328897675748
UNIMP_SJ,I_MLRTN,2011,10,3.283095363809834,5.816586569879296,5.816586569879296
UNIMP_SJ,I_MLRTN,2011,11,16.348322931226278,21.913106309636596,21.913106309636596
UNIMP_SJ,I_MLRTN,2011,12,205.07315451740067,218.39790722452568,218.39790722452568
UNIMP_SJ,I_MLRTN,2012,1,41.80524590082638,46.9926609815879,46.9926609815879
UNIMP_SJ,I_MLRTN,2012,2,145.2085433398336,111.88355281004175,111.88355281004175
UNIMP_SJ,I_MLRTN,2012,3,221.44818468227905,164.07570774455607,164.07570774455607
UNIMP_SJ,I_MLRTN,2012,4,312.889500533754,278.3335049911149,278.3335049911149
UNIMP_SJ,I_MLRTN,2012,5,484.4337796026919,491.5870477793246,491.5870477793246
UNIMP_SJ,I_MLRTN,2012,6,714.1224375573354,593.8408475574026,593.8408475574026
UNIMP_SJ,I_MLRTN,2012,7,728.1521117063627,789.9641929796403,789.9641929796403
UNIMP_SJ,I_MLRTN,2012,8,40.33989535546079,137.22194202293323,137.22194202293323
UNIMP_SJ,I_MLRTN,2012,9,6.819714645237837,29.089180092331997,29.089180092331997
UNIMP_SJ,I_MLRTN,2012,10,4.529439500881027,9.99136456494809,9.99136456494809
UNIMP_SJ,I_MLRTN,2012,11,24.72232031476654,33.60940556425334,33.60940556425334
UNIMP_SJ,I_MLRTN,2012,12,15.909265763272696,25.74850000837607,25.74850000837607
UNIMP_SJ,I_MLRTN,2013,1,40.76585276977283,46.79999923706055,46.79999923706055
UNIMP_SJ,I_MLRTN,2013,2,18.913265619818723,30.147568859966107,30.147568859966107
UNIMP_SJ,I_MLRTN,2013,3,74.8452991505763,84.55203194795966,84.55203194795966
UNIMP_SJ,I_MLRTN,2013,4,164.87648409530183,171.2346499799597,171.2346499799597
UNIMP_SJ,I_MLRTN,2013,5,217.9863633453253,243.57825098445196,243.57825098445196
UNIMP_SJ,I_MLRTN,2013,6,61.63604858780521,150.01114683912087,150.01114683912087
UNIMP_SJ,I_MLRTN,2013,7,11.227279018467163,63.25996634249619,63.25996634249619
UNIMP_SJ,I_MLRTN,2013,8,4.520138376932186,25.534132316969444,25.534132316969444
UNIMP_SJ,I_MLRTN,2013,9,5.188864145265721,20.093434611002085,20.093434611002085
UNIMP_SJ,I_MLRTN,2013,10,3.4410455082254137,6.031174039095509,6.031174039095509
UNIMP_SJ,I_MLRTN,2013,11,13.998947707886376,18.978028986568074,18.978028986568074
UNIMP_SJ,I_MLRTN,2013,12,20.6141619561227,32.84956881292175,32.84956881292175
UNIMP_SJ,I_MLRTN,2014,1,18.12674392852181,19.540469715991737,19.540469715991737
UNIMP_SJ,I_MLRTN,2014,2,14.733820948832236,19.550916744139364,19.550916744139364
UNIMP_SJ,I_MLRTN,2014,3,109.73361154417168,101.81688936840153,101.81688936840153
UNIMP_SJ,I_MLRTN,2014,4,241.3652747839598,233.8479395737502,233.8479395737502
UNIMP_SJ,I_MLRTN,2014,5,185.3047163427439,240.23548131439856,240.23548131439856
UNIMP_SJ,I_MLRTN,2014,6,47.26498958017319,146.13168393019987,146.13168393019987
UNIMP_SJ,I_MLRTN,2014,7,6.604255055615011,41.03601286083823,41.03601286083823
UNIMP_SJ,I_MLRTN,2014,8,4.633634865614148,29.337108722517147,29.337108722517147
UNIMP_SJ,I_MLRTN,2014,9,12.603202527351517,45.24640703343037,45.24640703343037
UNIMP_SJ,I_MLRTN,2014,10,7.118572910961672,15.724052169972659,15.724052169972659
UNIMP_SJ,I_MLRTN,2014,11,3.24304035447185,5.839345795975361,5.839345795975361
UNIMP_SJ,I_MLRTN,2014,12,3.439787758774179,7.333160311201092,7.333160311201092
UNIMP_SJ,I_MLRTN,2015,1,42.589503522111634,47.236247745360586,47.236247745360586
UNIMP_SJ,I_MLRTN,2015,2,16.911921066390086,28.001436483336704,28.001436483336704
UNIMP_SJ,I_MLRTN,2015,3,58.17770876067537,74.48784805371736,74.48784805371736
UNIMP_SJ,I_MLRTN,2015,4,113.76654256928154,134.4720675142839,134.4720675142839
UNIMP_SJ,I_MLRTN,2015,5,167.80348676718032,223.571247536271,223.571247536271
UNIMP_SJ,I_MLRTN,2015,6,87.19491621972105,172.80127882079933,172.80127882079933
UNIMP_SJ,I_MLRTN,2015,7,11.906627336446334,64.11782719195102,64.11782719195102
UNIMP_SJ,I_MLRTN,2015,8,4.614204483097039,29.12302433983958,29.12302433983958
UNIMP_SJ,I_MLRTN,2015,9,5.295993095842625,21.119901006283115,21.119901006283115
UNIMP_SJ,I_MLRTN,2015,10,4.1698667317865885,9.568649939981832,9.568649939981832
UNIMP_SJ,I_MLRTN,2015,11,3.773090642119197,8.724920219079785,8.724920219079785
UNIMP_SJ,I_MLRTN,2015,12,9.505671673657233,15.288257525566062,15.288257525566062
UNIMP_SJ,I_MLRTN,2016,1,7.572996078473205,9.787031553176073,9.787031553176073
UNIMP_SJ,I_MLRTN,2016,2,6.096859567205486,8.171258111718243,8.171258111718243
UNIMP_SJ,I_MLRTN,2016,3,134.6401511377661,111.03471810309745,111.03471810309745
UNIMP_SJ,I_MLRTN,2016,4,124.16009055258658,143.70355263131276,143.70355263131276
UNIMP_SJ,I_MLRTN,2016,5,177.7933979292834,238.75807141973735,238.75807141973735
UNIMP_SJ,I_MLRTN,2016,6,110.2308121971869,200.88389814248055,200.88389814248055
UNIMP_SJ,I_MLRTN,2016,7,13.914597183590883,68.15168893353726,68.15168893353726
UNIMP_SJ,I_MLRTN,2016,8,4.166158070125397,18.87808715203295,18.87808715203295
UNIMP_SJ,I_MLRTN,2016,9,3.340131692705308,7.5564926877220495,7.5564926877220495
UNIMP_SJ,I_MLRTN,2016,10,3.504053148651288,6.953648049499763,6.953648049499763
UNIMP_SJ,I_MLRTN,2016,11,25.361980851005423,33.7212148343508,33.7212148343508
UNIMP_SJ,I_MLRTN,2016,12,9.86234387672622,15.421051306265612,15.421051306265612
UNIMP_SJ,I_MLRTN,2017,1,31.922444410557024,38.82399755660037,38.82399755660037
UNIMP_SJ,I_MLRTN,2017,2,68.01797169761468,71.81367272514751,71.81367272514751
UNIMP_SJ,I_MLRTN,2017,3,103.44831188945338,100.64008707444344,100.64008707444344
UNIMP_SJ,I_MLRTN,2017,4,298.85541889695514,275.6719410060505,275.6719410060505
UNIMP_SJ,I_MLRTN,2017,5,263.6766897314626,289.999287532957,289.999287532957
UNIMP_SJ,I_MLRTN,2017,6,110.39641768431072,201.05618915739294,201.05618915739294
UNIMP_SJ,I_MLRTN,2017,7,9.193711311155443,54.36199840540993,54.36199840540993
UNIMP_SJ,I_MLRTN,2017,8,4.061015446332714,16.825313438773957,16.825313438773957
UNIMP_SJ,I_MLRTN,2017,9,3.379785234926652,7.791265795593982,7.791265795593982
UNIMP_SJ,I_MLRTN,2017,10,4.8897014757958255,10.41529545063234,10.41529545063234
UNIMP_SJ,I_MLRTN,2017,11,19.967332340812344,27.151563229936784,27.151563229936784
UNIMP_SJ,I_MLRTN,2017,12,18.18594982485917,29.201293998197002,29.201293998197002
UNIMP_SJ,I_MLRTN,2018,1,16.786685969711325,18.13234089053945,18.13234089053945
UNIMP_SJ,I_MLRTN,2018,2,24.693266658605125,39.748892882860986,39.748892882860986
UNIMP_SJ,I_MLRTN,2018,3,24.756960246362425,21.25333686644418,21.25333686644418
UNIMP_SJ,I_MLRTN,2018,4,54.17520761688937,59.832099549919775,59.832099549919775
UNIMP_SJ,I_MLRTN,2018,5,100.2152286964298,169.49367747763358,169.49367747763358
UNIMP_SJ,I_MLRTN,2018,6,63.687299541766606,150.52748853693754,150.52748853693754
UNIMP_SJ,I_MLRTN,2018,7,7.967128192682669,47.22019199169029,47.22019199169029
UNIMP_SJ,I_MLRTN,2018,8,4.753239729737499,35.17887864010927,35.17887864010927
UNIMP_SJ,I_MLRTN,2018,9,5.369700136689786,21.557103594629233,21.557103594629233
UNIMP_SJ,I_MLRTN,2018,10,7.539992731918493,16.49069196991562,16.49069196991562
UNIMP_SJ,I_MLRTN,2018,11,7.427694751339278,12.527886836122153,12.527886836122153
UNIMP_SJ,I_MLRTN,2018,12,21.612823342399743,32.950290298762965,32.950290298762965
UNIMP_SJ,I_MLRTN,2019,1,21.53850376207362,25.117390011111198,25.117390011111198
UNIMP_SJ,I_MLRTN,2019,2,237.10184727564845,154.6675194678075,154.6675194678075
UNIMP_SJ,I_MLRTN,2019,3,178.50314302299066,135.87022456369183,135.87022456369183
UNIMP_SJ,I_MLRTN,2019,4,490.8261632653271,384.3225613252832,384.3225613252832
UNIMP_SJ,I_MLRTN,2019,5,429.9170987853358,439.26546120947813,439.26546120947813
UNIMP_SJ,I_MLRTN,2019,6,214.3981231914891,299.82922360392416,299.82922360392416
UNIMP_SJ,I_MLRTN,2019,7,53.78231871663933,170.03920876402074,170.03920876402074
UNIMP_SJ,I_MLRTN,2019,8,5.224067743995174,42.047170661295304,42.047170661295304
UNIMP_SJ,I_MLRTN,2019,9,3.3054328851222343,7.193362694660084,7.193362694660084
UNIMP_SJ,I_MLRTN,2019,10,3.133090985003055,4.41454172848934,4.41454172848934
UNIMP_SJ,I_MLRTN,2019,11,2.9947782936110747,5.607301053556564,5.607301053556564
UNIMP_SJ,I_MLRTN,2019,12,5.321770016256186,8.478836536812182,8.478836536812182
UNIMP_SJ,I_MLRTN,2020,1,3.187890355413275,9.787031553176073,9.787031553176073
UNIMP_SJ,I_MLRTN,2020,2,422.1767727378917,309.303160052367,309.303160052367
UNIMP_SJ,I_MLRTN,2020,3,31.54144720427465,25.06031354760944,25.06031354760944
UNIMP_SJ,I_MLRTN,2020,4,130.70661816460327,146.09193340538783,146.09193340538783
UNIMP_SJ,I_MLRTN,2020,5,340.3528237621022,350.1123411420529,350.1123411420529
UNIMP_SJ,I_MLRTN,2020,6,363.65516423478425,364.0642268530787,364.0642268530787
UNIMP_SJ,I_MLRTN,2020,7,160.90457307257532,266.76708060319044,266.76708060319044
UNIMP_SJ,I_MLRTN,2020,8,10.090097668951024,70.43056290211662,70.43056290211662
UNIMP_SJ,I_MLRTN,2020,9,6.355180107859405,26.613209170356498,26.613209170356498
UNIMP_SJ,I_MLRTN,2020,10,10.099965991774653,18.7403842045163,18.7403842045163
UNIMP_SJ,I_MLRTN,2020,11,52.06512089808944,57.97437862408873,57.97437862408873
UNIMP_SJ,I_MLRTN,2020,12,13.92589243123726,19.361669908501213,19.361669908501213
UNIMP_SJ,I_MLRTN,2021,1,65.10882083710842,73.60965196734327,73.60965196734327
UNIMP_SJ,I_MLRTN,2021,2,74.01752965529737,82.93582826482493,82.93582826482493
UNIMP_SJ,I_MLRTN,2021,3,165.79222770544564,127.66739104499594,127.66739104499594
UNIMP_SJ,I_MLRTN,2021,4,401.9457709826426,356.8785630550784,356.8785630550784
UNIMP_SJ,I_MLRTN,2021,5,728.9256846701998,695.8942628348799,695.8942628348799
UNIMP_SJ,I_MLRTN,2021,6,791.3712253247878,632.4737361274837,632.4737361274837
UNIMP_SJ,I_MLRTN,2021,7,238.62481777025192,323.26192034626223,323.26192034626223
UNIMP_SJ,I_MLRTN,2021,8,26.66849510578584,125.73149140723818,125.73149140723818
UNIMP_SJ,I_MLRTN,2021,9,7.863667511586444,35.21841271917436,35.21841271917436
